,Unnamed: 0,Unnamed: 0.1,Unnamed: 0.1.1,Person,School,Type,Cited by Cases,Cited by Articles,Accessed (Past 12 Months),Cited by Articles (Past 10 Years),Cited by Articles (Past 1-2 years),ScholarCheck Rank,Average Citations per Article,Average Citations per Document,Self-Citations
0,0.0,0.0,0.0,Richard Albert,"University of Texas, Austin",number,1.0,320.0,1131.0,278.0,32.0,0.0,7.44,6.67,57.0
1,1.0,1.0,0.0,Hilary J. Allen,American University,number,0.0,68.0,382.0,68.0,21.0,0.0,6.8,6.8,0.0
2,2.0,2.0,0.0,Olufunmilayo B. Arewa,Temple University,number,0.0,356.0,824.0,285.0,32.0,0.0,17.8,16.18,30.0
3,3.0,3.0,0.0,Joshua Blank,"University of California, Irvine",number,7.0,162.0,283.0,158.0,16.0,0.0,13.5,12.46,0.0
4,4.0,4.0,0.0,William Boyd,"University of California, Los Angeles",number,0.0,144.0,283.0,137.0,33.0,0.0,24.0,13.09,8.0
5,5.0,5.0,0.0,Samuel L. Bray,University of Notre Dame,number,29.0,215.0,520.0,213.0,57.0,0.0,19.55,17.92,15.0
6,6.0,6.0,0.0,Jennifer M. Chacon,"University of California, Los Angeles",number,0.0,826.0,1828.0,768.0,90.0,0.0,29.94,22.73,0.0
7,7.0,7.0,0.0,Anupam Chander,Georgetown University,number,0.0,798.0,1706.0,503.0,49.0,0.0,31.92,21.0,0.0
8,8.0,8.0,0.0,Stewart L. Chang,"University of Nevada, Las Vegas",number,0.0,18.0,249.0,18.0,2.0,0.0,1.64,1.64,0.0
9,9.0,9.0,0.0,Jessica A. Clarke,Vanderbilt University,number,0.0,156.0,465.0,148.0,46.0,0.0,15.6,14.18,0.0
10,10.0,10.0,0.0,Frank Rudy Cooper,"University of Nevada, Las Vegas",number,0.0,375.0,661.0,300.0,26.0,0.0,25.0,22.06,0.0
11,11.0,11.0,0.0,R. Seth Davis,"University of California, Berkeley",number,0.0,161.0,368.0,112.0,30.0,0.0,14.6,28.27,0.0
12,12.0,12.0,0.0,Melissa J. Durkee,University of Georgia,number,0.0,33.0,165.0,33.0,12.0,0.0,5.5,4.71,8.0
13,13.0,13.0,0.0,Atiba R. Ellis,Marquette University,number,7.0,85.0,312.0,85.0,9.0,0.0,8.5,7.08,0.0
14,14.0,14.0,0.0,Victor Fleischer,"University of California, Irvine",number,1.0,578.0,689.0,497.0,47.0,0.0,36.12,26.27,0.0
15,15.0,15.0,0.0,David J. Franklyn,Golden Gate University,number,5.0,147.0,225.0,92.0,8.0,0.0,17.03,14.95,0.0
16,16.0,16.0,0.0,Nuno Garoupa,George Mason University,number,0.0,249.0,777.0,237.0,22.0,0.0,3.95,3.61,29.0
17,17.0,17.0,0.0,Brandon L. Garrett,Duke University,number,4.0,132.0,266.0,76.0,31.0,0.0,22.0,18.86,0.0
18,18.0,18.0,0.0,Andrew P. Gold,Brooklyn Law School,number,13.0,417.0,435.0,326.0,27.0,0.0,29.05,24.51,0.0
19,19.0,19.0,0.0,Philip T. Hackney,University of Pittsburgh,number,0.0,54.0,70.0,43.0,5.0,0.0,20.0,15.67,0.0
20,20.0,20.0,0.0,Christopher M. Holman,Drake University,number,1.0,273.0,314.0,260.0,20.0,0.0,13.65,11.87,0.0
21,21.0,21.0,0.0,Robert Jackson,New York University,number,0.0,2.0,23.0,1.0,0.0,0.0,0.29,0.25,0.0
22,22.0,22.0,0.0,Kristin Johnson,Tulane University,number,6.0,195.0,465.0,187.0,23.0,0.0,30.22,37.73,0.0
23,23.0,23.0,0.0,Michael S. Kang,Northwestern University,number,12.0,552.0,878.0,471.0,55.0,0.0,21.23,19.71,0.0
24,24.0,24.0,0.0,Orin S. Kerr,University of Southern California,number,495.0,3376.0,3070.0,2772.0,310.0,0.0,71.83,60.29,95.0
25,25.0,25.0,0.0,Eugene Kontorovich,George Mason University,number,48.0,590.0,679.0,478.0,42.0,0.0,22.69,18.44,42.0
26,26.0,26.0,0.0,Rebecca Kysar,Fordham University,number,9.0,181.0,235.0,177.0,18.0,0.0,18.1,18.1,0.0
27,27.0,27.0,0.0,Jill Wieber Lens,"University of Arkansas, Fayetteville",number,3.0,46.0,170.0,46.0,7.0,0.0,4.6,4.6,0.0
28,28.0,28.0,0.0,Suzette M. Malveaux,"University of Colorado, Boulder",number,4.0,214.0,232.0,194.0,23.0,0.0,23.14,15.29,0.0
29,29.0,29.0,0.0,David Marcus,"University of California, Los Angeles",number,6.0,436.0,417.0,392.0,67.0,0.0,22.95,20.76,23.0
30,30.0,30.0,0.0,Justin McCrary,Columbia University,number,0.0,18.0,150.0,18.0,5.0,0.0,4.5,4.5,0.0
31,31.0,31.0,0.0,Curtis J. Milhaupt,Stanford University,number,1.0,751.0,1126.0,412.0,49.0,0.0,30.04,24.23,0.0
32,32.0,32.0,0.0,Seema Mohapatra,"Indiana University, Indianapolis",number,0.0,74.0,625.0,74.0,15.0,0.0,5.69,5.69,0.0
33,33.0,33.0,0.0,Melissa Murray,New York University,number,0.0,589.0,735.0,576.0,78.0,0.0,28.05,17.85,0.0
34,34.0,34.0,0.0,Anne Joseph O'Connell,Stanford University,number,16.0,592.0,413.0,571.0,78.0,0.0,65.78,45.54,0.0
35,35.0,35.0,0.0,Leigh Z. Osofsky,"University of North Carolina, Chapel Hill",number,0.0,75.0,220.0,75.0,15.0,0.0,8.33,4.69,0.0
36,36.0,36.0,0.0,Frank Partnoy,"University of California, Berkeley",number,10.0,823.0,873.0,561.0,35.0,0.0,34.29,29.39,0.0
37,37.0,37.0,0.0,Jedediah Purdy,Columbia University,number,2.0,408.0,790.0,359.0,55.0,0.0,17.74,14.07,0.0
38,38.0,38.0,0.0,Christopher J. Roederer,University of Dayton,number,0.0,104.0,215.0,57.0,3.0,0.0,11.1,8.0,12.0
39,39.0,39.0,0.0,Hillary A. Sale,Georgetown University,number,10.0,999.0,598.0,578.0,46.0,0.0,52.58,43.43,0.0
40,40.0,40.0,0.0,Madhavi Sunder,Georgetown University,number,3.0,795.0,826.0,453.0,29.0,0.0,56.79,34.57,0.0
41,41.0,41.0,0.0,Kim Talus,Tulane University,number,0.0,6.0,26.0,5.0,0.0,0.0,0.75,0.43,0.0
42,42.0,42.0,0.0,Rose Cuison Villazor,Rutgers University,number,1.0,285.0,883.0,275.0,42.0,0.0,19.0,14.25,0.0
43,43.0,43.0,0.0,Andrew Keane Woods,University of Arizona,number,3.0,75.0,268.0,75.0,24.0,0.0,10.71,8.33,0.0
44,44.0,44.0,0.0,Kevin Woodson,University of Richmond,number,0.0,20.0,144.0,20.0,5.0,0.0,3.33,3.33,0.0
45,45.0,45.0,0.0,Ruqaiijah A. Yearby,Saint Louis University,number,0.0,2.0,1.0,0.0,0.0,0.0,2.0,2.0,0.0
46,46.0,46.0,0.0,Sandi B. Zellmer,University of Montana,number,0.0,27.0,17.0,6.0,0.0,0.0,9.0,9.0,0.0
47,47.0,47.0,0.0,Richard Albert,"University of Texas, Austin",number,1.0,320.0,1131.0,278.0,32.0,0.0,7.44,6.67,57.0
48,48.0,48.0,0.0,Sahar F. Aziz,Rutgers University,number,0.0,129.0,585.0,116.0,25.0,0.0,7.59,6.79,0.0
49,49.0,49.0,0.0,Adam B. Badawi,"University of California, Berkeley",number,0.0,62.0,83.0,59.0,6.0,0.0,5.17,3.88,4.0
50,50.0,50.0,0.0,Shalanda Helen Baker,Northeastern University,number,0.0,28.0,234.0,28.0,2.0,0.0,11.33,11.33,0.0
51,51.0,51.0,0.0,Angela M. Banks,Arizona State University,number,0.0,125.0,315.0,122.0,11.0,0.0,9.62,5.43,0.0
52,52.0,52.0,0.0,William Boyd,"University of California, Los Angeles",number,0.0,144.0,283.0,137.0,33.0,0.0,24.0,13.09,8.0
53,53.0,53.0,0.0,Richard R. W. Brooks,New York University,number,2.0,265.0,260.0,166.0,13.0,0.0,18.93,13.95,0.0
54,54.0,54.0,0.0,Alfred L. Brophy,University of Alabama,number,5.0,531.0,879.0,283.0,16.0,0.0,11.06,6.72,0.0
55,55.0,55.0,0.0,Eleanor Marie Lawrence Brown,"Pennsylvania State University, University Park",number,0.0,106.0,379.0,52.0,6.0,0.0,13.0,37.76000000000001,0.0
56,56.0,56.0,0.0,Christopher M. Bruner,University of Georgia,number,0.0,269.0,435.0,232.0,27.0,0.0,16.81,12.81,0.0
57,57.0,57.0,0.0,Tonya M. Evans,University of New Hampshire,number,0.0,44.0,245.0,35.0,8.0,0.0,7.33,5.5,0.0
58,58.0,58.0,0.0,Catherine L. Fisk,"University of California, Berkeley",number,22.0,1093.0,791.0,633.0,71.0,0.0,61.89,39.62000000000001,0.0
59,59.0,59.0,0.0,Victor B. Flatt,University of Houston,number,0.0,273.0,250.0,183.0,8.0,0.0,8.81,7.0,0.0
60,60.0,60.0,0.0,Sheila Rose Foster,Georgetown University,number,3.0,639.0,878.0,326.0,23.0,0.0,86.6,63.96,4.0
61,61.0,61.0,0.0,Brett M. Frischmann,Villanova University,number,1.0,692.0,393.0,458.0,27.0,0.0,30.09,22.32,0.0
62,62.0,62.0,0.0,David S. Gamage,"Indiana University, Bloomington",number,4.0,257.0,310.0,246.0,35.0,0.0,19.77,16.06,27.0
63,63.0,63.0,0.0,Rachel D. Godsil,Rutgers University,number,3.0,340.0,371.0,115.0,15.0,0.0,30.91,24.29,0.0
64,64.0,64.0,0.0,Sarah C. Haan,Washington & Lee University,number,3.0,64.0,140.0,46.0,15.0,0.0,10.67,6.4,0.0
65,65.0,65.0,0.0,Sam Foster Halabi,"University of Missouri, Columbia",number,3.0,69.0,375.0,62.0,12.0,0.0,12.2,9.8,0.0
66,66.0,66.0,0.0,Woodrow Neal Hartzog,Northeastern University,number,7.0,506.0,1204.0,493.0,104.0,0.0,33.5,31.62,65.0
67,67.0,67.0,0.0,David M. Hasen,"University of Florida, Gainesville",number,2.0,106.0,136.0,72.0,9.0,0.0,7.07,6.62,4.0
68,68.0,68.0,0.0,Allison K. Hoffman,University of Pennsylvania,number,0.0,75.0,80.0,75.0,4.0,0.0,9.38,7.5,0.0
69,69.0,69.0,0.0,David Hoffman,University of Pennsylvania,number,6.0,132.0,258.0,59.0,19.0,0.0,11.0,6.29,0.0
70,70.0,70.0,0.0,Ryan T. Holte,University of Akron,number,0.0,46.0,106.0,45.0,7.0,0.0,6.57,6.57,0.0
71,71.0,71.0,0.0,Herbert Hovenkamp,University of Pennsylvania,number,146.0,3800.0,2390.0,1520.0,173.0,0.0,32.2,26.76,392.0
72,72.0,72.0,0.0,Blake Hudson,University of Houston,number,0.0,119.0,204.0,119.0,7.0,0.0,5.17,4.96,0.0
73,73.0,73.0,0.0,Lolita K. Buckner Inniss,Southern Methodist University,number,0.0,107.0,139.0,41.0,4.0,0.0,7.64,7.64,3.0
74,74.0,74.0,0.0,Orin S. Kerr,University of Southern California,number,495.0,3376.0,3070.0,2772.0,310.0,0.0,71.83,60.29,95.0
75,75.0,75.0,0.0,Kurt T. Lash,University of Richmond,number,39.0,872.0,409.0,537.0,48.0,0.0,31.14,26.42,0.0
76,76.0,76.0,0.0,Yoon-Ho Alex Lee,Northwestern University,number,0.0,55.0,100.0,52.0,12.0,0.0,6.11,5.5,0.0
77,77.0,77.0,0.0,Dayna B. Matthew,University of Virginia,number,7.0,216.0,212.0,126.0,6.0,0.0,10.29,9.0,6.0
78,78.0,78.0,0.0,Pamela Metzger,Southern Methodist University,number,23.0,143.0,118.0,114.0,9.0,0.0,17.88,17.88,7.0
79,79.0,79.0,0.0,Paul David Miller,University of Notre Dame,number,1.0,383.0,510.0,182.0,17.0,0.0,50.41,56.08,0.0
80,80.0,80.0,0.0,Nicholas A. Mirkay,University of Hawaii,number,0.0,42.0,47.0,35.0,1.0,0.0,7.0,3.82,5.0
81,81.0,81.0,0.0,Samuel Moyn,Yale University,number,0.0,20.0,559.0,20.0,9.0,0.0,2.0,1.43,0.0
82,82.0,82.0,0.0,Alexandra Natapoff,"University of California, Irvine",number,9.0,663.0,845.0,528.0,87.0,0.0,60.27,47.36,0.0
83,83.0,83.0,0.0,Douglas NeJaime,Yale University,number,15.0,834.0,920.0,810.0,141.0,0.0,39.71,30.89,0.0
84,84.0,84.0,0.0,Shu-Yi Oei,Boston College,number,4.0,93.0,363.0,89.0,24.0,0.0,6.2,5.81,0.0
85,85.0,85.0,0.0,Ruth Gana Okediji,Harvard University,number,0.0,262.0,365.0,125.0,17.0,0.0,65.09,60.06,0.0
86,86.0,86.0,0.0,David Orentlicher,"University of Nevada, Las Vegas",number,8.0,643.0,891.0,245.0,23.0,0.0,12.86,9.89,0.0
87,87.0,87.0,0.0,Frank Partnoy,"University of California, Berkeley",number,10.0,823.0,873.0,561.0,35.0,0.0,34.29,29.39,0.0
88,88.0,88.0,0.0,Alice Ristroph,Brooklyn Law School,number,1.0,436.0,448.0,405.0,45.0,0.0,24.22,21.8,0.0
89,89.0,89.0,0.0,Victoria Shannon Sahani,Arizona State University,number,0.0,14.0,361.0,14.0,6.0,0.0,7.0,4.67,1.0
90,90.0,90.0,0.0,Michael N. Simkovic,University of Southern California,number,0.0,191.0,391.0,189.0,26.0,0.0,12.73,12.73,22.0
91,91.0,91.0,0.0,Brad Snyder,Georgetown University,number,1.0,163.0,187.0,112.0,11.0,0.0,18.11,14.82,16.0
92,92.0,92.0,0.0,Kim Talus,Tulane University,number,0.0,6.0,26.0,5.0,0.0,0.0,0.75,0.43,0.0
93,93.0,93.0,0.0,Franita Tolson,University of Southern California,number,3.0,133.0,165.0,133.0,15.0,0.0,11.08,8.87,0.0
94,94.0,94.0,0.0,Rebecca Tushnet,Harvard University,number,28.0,1470.0,1371.0,1187.0,104.0,0.0,36.75,27.74,69.0
95,95.0,95.0,0.0,Ryan G. Vacca,University of New Hampshire,number,2.0,72.0,100.0,68.0,3.0,0.0,6.55,6.55,0.0
96,96.0,96.0,0.0,Urska Velikonja,Georgetown University,number,1.0,164.0,331.0,164.0,28.0,0.0,10.25,10.25,18.0
97,97.0,97.0,0.0,Rose Cuison Villazor,Rutgers University,number,1.0,285.0,883.0,275.0,42.0,0.0,19.0,14.25,0.0
98,98.0,98.0,0.0,Nancy A. Welsh,Texas A&M University,number,2.0,969.0,1009.0,567.0,26.0,0.0,24.85,17.3,6.0
99,99.0,99.0,0.0,Del Jr. Wright,"University of Missouri, Kansas City",number,0.0,8.0,22.0,8.0,0.0,0.0,2.67,2.67,0.0
100,100.0,100.0,0.0,W. Edward Afield,Georgia State University,number,0.0,21.0,42.0,20.0,1.0,0.0,3.5,3.5,0.0
101,101.0,101.0,0.0,Lisa E. Alexander,Texas A&M University,number,0.0,92.0,257.0,83.0,7.0,0.0,8.56,22.7,0.0
102,102.0,102.0,0.0,Margo A. Bagley,Emory University,number,1.0,292.0,317.0,164.0,11.0,0.0,26.55,20.86,0.0
103,103.0,103.0,0.0,Dale Carpenter,Southern Methodist University,number,9.0,395.0,219.0,216.0,22.0,0.0,24.69,15.8,6.0
104,104.0,104.0,0.0,David Fagundes,University of Houston,number,7.0,278.0,419.0,262.0,33.0,0.0,19.86,11.12,0.0
105,105.0,105.0,0.0,Joshua B. Fischman,University of Virginia,number,0.0,122.0,223.0,122.0,18.0,0.0,11.09,11.09,0.0
106,106.0,106.0,0.0,Michael D. Frakes,Duke University,number,2.0,65.0,153.0,64.0,19.0,0.0,10.36,10.36,0.0
107,107.0,107.0,0.0,Susan D. Franck,American University,number,0.0,761.0,1580.0,628.0,57.0,0.0,42.28,31.71,0.0
108,108.0,108.0,0.0,Shubha Ghosh,Syracuse University,number,1.0,651.0,886.0,318.0,18.0,0.0,9.17,7.31,0.0
109,109.0,109.0,0.0,James Grimmelman,Cornell University,number,0.0,0.0,4.0,0.0,0.0,0.0,0.0,0.0,0.0
110,110.0,110.0,0.0,Joanna L. Grossman,Southern Methodist University,number,16.0,540.0,598.0,383.0,34.0,0.0,23.48,18.0,26.0
111,111.0,111.0,0.0,Grant Hayden,Southern Methodist University,number,2.0,278.0,357.0,216.0,27.0,0.0,17.38,13.9,28.0
112,112.0,112.0,0.0,F. Andrew Hessick,"University of North Carolina, Chapel Hill",number,37.0,469.0,600.0,428.0,47.0,0.0,17.37,10.91,0.0
113,113.0,113.0,0.0,Carissa Byrne Hessick,"University of North Carolina, Chapel Hill",number,43.0,459.0,741.0,436.0,50.0,0.0,14.34,12.08,0.0
114,114.0,114.0,0.0,David A. Hyman,Georgetown University,number,11.0,1149.0,1120.0,593.0,38.0,0.0,19.21,14.87,0.0
115,115.0,115.0,0.0,Janine Young Kim,Chapman University,number,0.0,100.0,155.0,53.0,6.0,0.0,12.5,11.11,0.0
116,116.0,116.0,0.0,Renee Newman Knake,University of Houston,number,4.0,174.0,403.0,170.0,16.0,0.0,8.7,7.91,0.0
117,117.0,117.0,0.0,Sarah B. Lawsky,Northwestern University,number,0.0,164.0,135.0,147.0,13.0,0.0,18.22,14.91,0.0
118,118.0,118.0,0.0,Andrew C. W. Lund,Villanova University,number,2.0,72.0,121.0,68.0,5.0,0.0,7.2,6.55,12.0
119,119.0,119.0,0.0,Fatma E. Marouf,Texas A&M University,number,6.0,163.0,557.0,163.0,22.0,0.0,9.59,9.06,5.0
120,120.0,120.0,0.0,Thomas W. Mitchell,Texas A&M University,number,2.0,143.0,171.0,90.0,13.0,0.0,17.88,17.88,0.0
121,121.0,121.0,0.0,Angela Onwuachi-Willig,"University of California, Berkeley",number,5.0,720.0,1061.0,552.0,46.0,0.0,24.0,17.14,0.0
122,122.0,122.0,0.0,Jordan K. Paradise,"Loyola University, Chicago",number,0.0,137.0,233.0,120.0,15.0,0.0,7.21,5.71,0.0
123,123.0,123.0,0.0,Gregg D. Polsky,University of Georgia,number,5.0,351.0,265.0,251.0,32.0,0.0,14.04,12.54,0.0
124,124.0,124.0,0.0,Edward B. Rock,New York University,number,25.0,1679.0,684.0,790.0,79.0,0.0,64.58,57.9,35.0
125,125.0,125.0,0.0,Amy J. Schmitz,"University of Missouri, Columbia",number,7.0,461.0,450.0,362.0,29.0,0.0,18.44,15.9,67.0
126,126.0,126.0,0.0,Beth A. Simmons,University of Pennsylvania,number,0.0,177.0,424.0,131.0,16.0,0.0,35.49,34.75,0.0
127,127.0,127.0,0.0,Alex Stein,Brooklyn Law School,number,13.0,699.0,681.0,531.0,40.0,0.0,15.89,13.98,101.0
128,128.0,128.0,0.0,Elizabeth I. Trujillo,Texas A&M University,number,0.0,38.0,161.0,31.0,5.0,0.0,3.8,2.71,5.0
129,129.0,129.0,0.0,Steve Vladeck,"University of Texas, Austin",number,0.0,0.0,11.0,0.0,0.0,0.0,0.0,0.0,0.0
130,130.0,130.0,0.0,Gina S. Warren,University of Houston,number,0.0,36.0,147.0,35.0,10.0,0.0,4.5,2.77,0.0
131,131.0,131.0,0.0,Melissa F. Wasserman,"University of Texas, Austin",number,5.0,216.0,275.0,209.0,39.0,0.0,60.3,31.63000000000001,0.0
132,132.0,132.0,0.0,Ellen Yaroshefsky,Hofstra University,number,5.0,371.0,475.0,249.0,20.0,0.0,24.73,15.46,0.0
133,133.0,133.0,0.0,Owen L. Anderson,"University of Texas, Austin",number,49.0,262.0,272.0,185.0,10.0,0.0,13.1,9.36,0.0
134,134.0,134.0,0.0,Ann Bartow,University of New Hampshire,number,0.0,581.0,720.0,335.0,20.0,0.0,19.37,12.91,0.0
135,135.0,135.0,0.0,Thomas E. Brennan,Harvard University,number,7.0,106.0,93.0,54.0,4.0,0.0,21.200000000000006,14.74,0.0
136,136.0,136.0,0.0,Aaron-Andrew P. Bruhl,College of William & Mary,number,13.0,391.0,323.0,358.0,36.0,0.0,19.55,16.29,0.0
137,137.0,137.0,0.0,Christopher J. Buccafusco,Cardozo Law School,number,2.0,566.0,888.0,552.0,69.0,0.0,22.64,19.52,0.0
138,138.0,138.0,0.0,Irene Calboli,Texas A&M University,number,4.0,140.0,256.0,121.0,14.0,0.0,10.77,8.24,9.0
139,139.0,139.0,0.0,William J. Dodge,"University of California, Davis",number,42.0,1013.0,799.0,543.0,65.0,0.0,36.14,27.63,46.0
140,140.0,140.0,0.0,Susan Saab Fortney,Texas A&M University,number,0.0,446.0,356.0,225.0,23.0,0.0,15.38,9.91,0.0
141,141.0,141.0,0.0,Brian Galle,Georgetown University,number,3.0,694.0,600.0,626.0,74.0,0.0,19.83,16.93,95.0
142,142.0,142.0,0.0,Nuno Garoupa,Texas A&M University,number,0.0,249.0,777.0,237.0,22.0,0.0,3.95,3.61,29.0
143,143.0,143.0,0.0,C. Scott Hemphill,New York University,number,76.0,558.0,903.0,534.0,44.0,0.0,42.92,31.0,0.0
144,144.0,144.0,0.0,Robert H. II Jerry,"University of Missouri, Columbia",number,25.0,296.0,212.0,91.0,9.0,0.0,10.21,8.0,0.0
145,145.0,145.0,0.0,Sonia K. Katyal,"University of California, Berkeley",number,4.0,507.0,943.0,403.0,27.0,0.0,51.0,48.07,0.0
146,146.0,146.0,0.0,Daniel Katz,Chicago-Kent College of Law,number,0.0,3.0,9.0,0.0,0.0,0.0,0.75,0.75,0.0
147,147.0,147.0,0.0,Charlotte Ku,Texas A&M University,number,0.0,60.0,117.0,19.0,1.0,0.0,5.45,2.14,3.0
148,148.0,148.0,0.0,Erik Luna,Arizona State University,number,42.0,1128.0,921.0,700.0,63.0,0.0,37.6,28.2,103.0
149,149.0,149.0,0.0,Glynn S. Jr. Lunney,Texas A&M University,number,2.0,1206.0,460.0,535.0,32.0,0.0,48.24,41.59,0.0
150,150.0,150.0,0.0,Timothy D. Lytton,Georgia State University,number,10.0,274.0,270.0,134.0,8.0,0.0,15.22,10.96,16.0
151,151.0,151.0,0.0,Bruce A. Markell,Northwestern University,number,104.0,350.0,200.0,109.0,9.0,0.0,15.22,10.94,0.0
152,152.0,152.0,0.0,Andrei Marmor,Cornell University,number,0.0,75.0,301.0,43.0,4.0,0.0,4.41,3.95,0.0
153,153.0,153.0,0.0,Ajay K. Mehrotra,Northwestern University,number,1.0,117.0,305.0,82.0,8.0,0.0,8.36,5.85,5.0
154,154.0,154.0,0.0,Douglas NeJaime,"University of California, Los Angeles",number,15.0,834.0,920.0,810.0,141.0,0.0,39.71,30.89,0.0
155,155.0,155.0,0.0,Paul Ohm,Georgetown University,number,16.0,632.0,1243.0,606.0,73.0,0.0,30.1,19.15,24.0
156,156.0,156.0,0.0,Dave Owen,"University of California, Hastings",number,0.0,268.0,358.0,242.0,29.0,0.0,12.76,11.17,0.0
157,157.0,157.0,0.0,Mary-Rose Papandrea,"University of North Carolina, Chapel Hill",number,12.0,341.0,742.0,313.0,31.0,0.0,26.23,18.94,0.0
158,158.0,158.0,0.0,Dylan C. Penningroth,"University of California, Berkeley",number,0.0,0.0,0.0,0.0,0.0,0.0,0.0,0.0,0.0
159,159.0,159.0,0.0,Scott C. Pryor,Campbell University,number,5.0,94.0,565.0,57.0,3.0,0.0,9.29,8.5,0.0
160,160.0,160.0,0.0,Srividhya Ragavan,Texas A&M University,number,0.0,95.0,159.0,52.0,4.0,0.0,8.64,6.79,7.0
161,161.0,161.0,0.0,Erin Ryan,Florida State University,number,0.0,320.0,371.0,263.0,25.0,0.0,16.0,14.55,23.0
162,162.0,162.0,0.0,James Salzman,"University of California, Los Angeles",number,2.0,1285.0,1367.0,766.0,75.0,0.0,32.12,27.34,51.0
163,163.0,163.0,0.0,David L. Schwartz,Northwestern University,number,42.0,1497.0,1218.0,1141.0,109.0,0.0,67.34,52.58,0.0
164,164.0,164.0,0.0,Jessica Silbey,Northeastern University,number,0.0,149.0,334.0,126.0,5.0,0.0,8.76,5.32,0.0
165,165.0,165.0,0.0,Kenneth W. Simons,"University of California, Irvine",number,15.0,956.0,741.0,387.0,48.0,0.0,27.31,22.23,84.0
166,166.0,166.0,0.0,Alan O. Sykes,Stanford University,number,81.0,1751.0,1209.0,706.0,60.0,0.0,30.72,25.75,69.0
167,167.0,167.0,0.0,Eric L. Talley,Columbia University,number,13.0,929.0,333.0,418.0,41.0,0.0,71.53999999999998,53.2,0.0
168,168.0,168.0,0.0,Steve Vladeck,"University of Texas, Austin",number,0.0,0.0,11.0,0.0,0.0,0.0,0.0,0.0,0.0
169,169.0,169.0,0.0,Peter K. Yu,Texas A&M University,number,4.0,1748.0,2356.0,1209.0,87.0,0.0,28.19,23.95,0.0
170,170.0,170.0,0.0,Kathryn Zeiler,Boston University,number,0.0,127.0,185.0,101.0,10.0,0.0,21.17,18.14,1.0
171,171.0,171.0,0.0,Oren Bar-Gill,Harvard University,number,27.0,1148.0,978.0,991.0,89.0,0.0,27.33,26.09,36.0
172,172.0,172.0,0.0,Mitchell N. Berman,University of Pennsylvania,number,30.0,1289.0,645.0,859.0,62.0,0.0,51.56,37.91,0.0
173,173.0,173.0,0.0,William Wade Buzbee,Georgetown University,number,5.0,1024.0,293.0,559.0,35.0,0.0,40.96,36.57,0.0
174,174.0,174.0,0.0,Jenny (I) Carroll,University of Alabama,number,15.0,95.0,339.0,74.0,19.0,0.0,10.56,9.5,0.0
175,175.0,175.0,0.0,Andrew B. Coan,University of Arizona,number,4.0,154.0,270.0,148.0,13.0,0.0,10.27,8.56,0.0
176,176.0,176.0,0.0,Jorge L. Contreras,University of Utah,number,0.0,227.0,689.0,206.0,31.0,0.0,18.08,13.85,0.0
177,177.0,177.0,0.0,Steven M. Davidoff,"University of California, Berkeley",number,17.0,413.0,617.0,390.0,24.0,0.0,25.61,24.42,0.0
178,178.0,178.0,0.0,Dhammika Dharmapala,University of Chicago,number,0.0,85.0,90.0,56.0,9.0,0.0,7.08,6.54,0.0
179,179.0,179.0,0.0,Michael Doran,University of Virginia,number,2.0,142.0,191.0,135.0,13.0,0.0,10.92,10.92,0.0
180,180.0,180.0,0.0,Justin Driver,University of Chicago,number,0.0,164.0,230.0,161.0,20.0,0.0,14.91,14.91,0.0
181,181.0,181.0,0.0,Lee R. Epstein,"Washington University, St. Louis",number,7.0,1820.0,1795.0,1215.0,90.0,0.0,35.94,29.03,0.0
182,182.0,182.0,0.0,Kimberly Kessler Ferzan,University of Virginia,number,4.0,256.0,645.0,162.0,14.0,0.0,10.67,6.74,0.0
183,183.0,183.0,0.0,Michele B. Goodwin,"University of California, Irvine",number,0.0,0.0,14.0,0.0,0.0,0.0,0.0,0.0,0.0
184,184.0,184.0,0.0,Kaaryn Gustafson,"University of California, Irvine",number,0.0,80.0,272.0,77.0,7.0,0.0,20.0,16.0,0.0
185,185.0,185.0,0.0,Emily Hammond,George Washington University,number,0.0,122.0,312.0,121.0,29.0,0.0,12.2,6.78,0.0
186,186.0,186.0,0.0,Bernard E. Harcourt,Columbia University,number,4.0,823.0,1818.0,500.0,53.0,0.0,30.48,24.21,0.0
187,187.0,187.0,0.0,David M. Hasen,"University of Colorado, Boulder",number,2.0,106.0,136.0,72.0,9.0,0.0,7.07,6.62,4.0
188,188.0,188.0,0.0,Michael Hatfield,"University of Washington, Seattle",number,1.0,50.0,66.0,34.0,1.0,0.0,4.55,4.17,0.0
189,189.0,189.0,0.0,Christine Hurt,Brigham Young University,number,1.0,274.0,442.0,193.0,12.0,0.0,14.42,13.05,0.0
190,190.0,190.0,0.0,Darian Ibrahim,College of William & Mary,number,0.0,7.0,0.0,7.0,2.0,0.0,7.0,7.0,0.0
191,191.0,191.0,0.0,Charles Chernor Jalloh,Florida International University,number,0.0,83.0,633.0,79.0,10.0,0.0,6.38,3.46,12.0
192,192.0,192.0,0.0,M. Cathleen Kaveny,Boston College,number,0.0,87.0,65.0,25.0,0.0,0.0,14.5,8.7,0.0
193,193.0,193.0,0.0,Andrew Kull,"University of Texas, Austin",number,38.0,506.0,424.0,207.0,3.0,0.0,22.0,14.88,0.0
194,194.0,194.0,0.0,Amy L. Landers,Drexel University,number,3.0,150.0,113.0,121.0,14.0,0.0,20.5,15.45,0.0
195,195.0,195.0,0.0,Jacqueline D. Lipton,University of Akron,number,5.0,477.0,1004.0,336.0,19.0,0.0,21.64,19.4,0.0
196,196.0,196.0,0.0,Robert MacCoun,Stanford University,number,1.0,256.0,213.0,110.0,9.0,0.0,30.78,28.73,0.0
197,197.0,197.0,0.0,Patricia A. McCoy,Boston College,number,25.0,688.0,468.0,464.0,23.0,0.0,32.76,28.67,0.0
198,198.0,198.0,0.0,Edward R. Morrison,Columbia University,number,6.0,359.0,338.0,295.0,29.0,0.0,23.93,21.12,0.0
199,199.0,199.0,0.0,Samuel Moyn,Harvard University,number,0.0,20.0,559.0,20.0,9.0,0.0,2.0,1.43,0.0
200,200.0,200.0,0.0,Xuan-Thao Nguyen,"Indiana University, Indianapolis",number,2.0,175.0,439.0,167.0,14.0,0.0,6.25,5.3,0.0
201,201.0,201.0,0.0,Wendell Pritchett,University of Pennsylvania,number,0.0,208.0,335.0,110.0,9.0,0.0,52.75,35.5,0.0
202,202.0,202.0,0.0,Intisar Rabb,Harvard University,number,0.0,34.0,139.0,33.0,3.0,0.0,8.4,7.07,4.0
203,203.0,203.0,0.0,Robert J. Rhee,"University of Florida, Gainesville",number,12.0,390.0,699.0,334.0,35.0,0.0,15.6,13.45,0.0
204,204.0,204.0,0.0,L. Song Richardson,"University of California, Irvine",number,9.0,401.0,1196.0,400.0,86.0,0.0,26.73,21.11,0.0
205,205.0,205.0,0.0,Kalyani Robbins,Florida International University,number,0.0,96.0,200.0,67.0,5.0,0.0,8.0,6.0,6.0
206,206.0,206.0,0.0,Troy A. Rule,Arizona State University,number,0.0,167.0,289.0,159.0,19.0,0.0,16.7,12.85,8.0
207,207.0,207.0,0.0,Gregory Shaffer,"University of California, Irvine",number,0.0,501.0,1083.0,400.0,57.0,0.0,13.18,9.45,0.0
208,208.0,208.0,0.0,David Alan Sklansky,Stanford University,number,65.0,1403.0,1069.0,916.0,115.0,0.0,114.91,102.44,0.0
209,209.0,209.0,0.0,A. Benjamin Spencer,University of Virginia,number,23.0,750.0,249.0,717.0,49.0,0.0,39.47,37.5,23.0
210,210.0,210.0,0.0,Paul J. Stancil,Brigham Young University,number,0.0,104.0,131.0,99.0,15.0,0.0,11.56,11.56,0.0
211,211.0,211.0,0.0,Adam N. Steinman,University of Alabama,number,21.0,504.0,545.0,453.0,56.0,0.0,22.91,18.0,0.0
212,212.0,212.0,0.0,Kristen A. Stilt,Harvard University,number,0.0,72.0,98.0,41.0,0.0,0.0,22.270000000000003,22.270000000000003,0.0
213,213.0,213.0,0.0,David M. Studdert,Stanford University,number,1.0,250.0,202.0,120.0,7.0,0.0,13.89,11.9,0.0
214,214.0,214.0,0.0,Eric L. Talley,Columbia University,number,13.0,929.0,333.0,418.0,41.0,0.0,71.53999999999998,53.2,0.0
215,215.0,215.0,0.0,Christopher Tomlins,"University of California, Berkeley",number,0.0,135.0,313.0,86.0,11.0,0.0,13.53,7.96,0.0
216,216.0,216.0,0.0,Gerald Torres,Cornell University,number,2.0,723.0,502.0,214.0,22.0,0.0,23.32,15.72,0.0
217,217.0,217.0,0.0,Deborah Tuerkheimer,Northwestern University,number,41.0,386.0,1004.0,326.0,43.0,0.0,17.55,14.3,0.0
218,218.0,218.0,0.0,Kenneth M. Ayotte,"University of California, Berkeley",number,4.0,230.0,311.0,207.0,28.0,0.0,74.3,72.73,0.0
219,219.0,219.0,0.0,Teri Dobbins Baxter,University of Tennessee,number,0.0,65.0,127.0,52.0,9.0,0.0,6.5,6.5,0.0
220,220.0,220.0,0.0,Andrea K. Bjorklund,McGill University,number,3.0,164.0,393.0,108.0,9.0,0.0,12.62,8.63,0.0
221,221.0,221.0,0.0,Richard Brooks,Columbia University,number,0.0,108.0,78.0,60.0,0.0,0.0,18.0,10.8,0.0
222,222.0,222.0,0.0,Karen C. Burke,"University of Florida, Gainesville",number,4.0,292.0,189.0,145.0,16.0,0.0,10.43,8.59,0.0
223,223.0,223.0,0.0,Lan Cao,Chapman University,number,3.0,246.0,223.0,69.0,1.0,0.0,17.57,13.67,0.0
224,224.0,224.0,0.0,June Carbone,"University of Minnesota, Minneapolis-St. Paul",number,35.0,1056.0,1006.0,554.0,69.0,0.0,18.86,14.47,103.0
225,225.0,225.0,0.0,Paul L. Caron,Pepperdine University,number,4.0,515.0,653.0,248.0,17.0,0.0,22.39,18.39,0.0
226,226.0,226.0,0.0,Jim Chen,Michigan State University,number,6.0,1470.0,614.0,355.0,17.0,0.0,27.22,17.93,0.0
227,227.0,227.0,0.0,Eric A. Chiappinelli,Texas Tech University,number,4.0,61.0,84.0,23.0,3.0,0.0,5.08,3.59,0.0
228,228.0,228.0,0.0,Luis E. Chiesa,"State University of New York, Buffalo",number,5.0,64.0,263.0,62.0,11.0,0.0,4.0,3.2,6.0
229,229.0,229.0,0.0,Christine N. Cimini,Vermont Law School,number,1.0,89.0,74.0,54.0,7.0,0.0,12.71,9.89,0.0
230,230.0,230.0,0.0,Evan Criddle,College of William & Mary,number,2.0,87.0,72.0,59.0,1.0,0.0,87.0,43.5,0.0
231,231.0,231.0,0.0,Jason Czarnezki,Pace University,number,36.0,281.0,430.0,224.0,21.0,0.0,13.38,10.81,20.0
232,232.0,232.0,0.0,Steven M. Davidoff,"University of California, Berkeley",number,17.0,413.0,617.0,390.0,24.0,0.0,25.61,24.42,0.0
233,233.0,233.0,0.0,Richard Delgado,University of Alabama,number,34.0,8621.0,5008.0,1713.0,116.0,0.0,64.82,44.44,1255.0
234,234.0,234.0,0.0,Miranda Perry Fleischer,University of San Diego,number,0.0,146.0,145.0,145.0,4.0,0.0,18.25,16.22,0.0
235,235.0,235.0,0.0,Victor E. Fleischer,University of San Diego,number,5.0,622.0,706.0,509.0,48.0,0.0,36.12,70.27,0.0
236,236.0,236.0,0.0,Jeanne C. Fromer,New York University,number,8.0,709.0,821.0,704.0,87.0,0.0,33.76,32.23,0.0
237,237.0,237.0,0.0,James Grimmelman,University of Maryland,number,0.0,0.0,4.0,0.0,0.0,0.0,0.0,0.0,0.0
238,238.0,238.0,0.0,Lenese C. Herbert,Howard University,number,0.0,77.0,92.0,47.0,2.0,0.0,14.5,11.71,0.0
239,239.0,239.0,0.0,Adam J. Hirsch,University of San Diego,number,32.0,851.0,384.0,482.0,69.0,0.0,31.52,29.34,0.0
240,240.0,240.0,0.0,Darren Lenard Hutchinson,"University of Florida, Gainesville",number,3.0,886.0,923.0,422.0,49.0,0.0,44.3,38.52,69.0
241,241.0,241.0,0.0,Lucy A. Jewel,University of Tennessee,number,13.0,137.0,269.0,136.0,20.0,0.0,9.79,8.56,0.0
242,242.0,242.0,0.0,Emily Kadens,Northwestern University,number,1.0,114.0,372.0,97.0,8.0,0.0,14.25,10.36,0.0
243,243.0,243.0,0.0,Alberto Lopez,University of Alabama,number,6.0,178.0,177.0,103.0,6.0,0.0,14.83,13.69,0.0
244,244.0,244.0,0.0,Ruth Mason,University of Virginia,number,7.0,242.0,346.0,220.0,24.0,0.0,14.24,11.52,0.0
245,245.0,245.0,0.0,"Grayson, M.P. McCouch","University of Florida, Gainesville",number,5.0,255.0,124.0,130.0,16.0,0.0,48.47,46.48,0.0
246,246.0,246.0,0.0,Mathew D. McCubbins,Duke University,number,0.0,590.0,303.0,316.0,22.0,0.0,28.1,25.65,0.0
247,247.0,247.0,0.0,Bernadette A. Meyler,Stanford University,number,10.0,197.0,174.0,167.0,11.0,0.0,55.83,53.27,0.0
248,248.0,248.0,0.0,Darrell A.H. Miller,Duke University,number,25.0,275.0,574.0,273.0,24.0,0.0,22.95000000000001,14.51,0.0
249,249.0,249.0,0.0,Susan Cleary Morse,"University of Texas, Austin",number,0.0,193.0,364.0,184.0,22.0,0.0,37.67,37.67,0.0
250,250.0,250.0,0.0,Douglas NeJaime,"University of California, Irvine",number,15.0,834.0,920.0,810.0,141.0,0.0,39.71,30.89,0.0
251,251.0,251.0,0.0,James Park,"University of California, Los Angeles",number,0.0,3.0,9.0,3.0,0.0,0.0,0.0,3.0,0.0
252,252.0,252.0,0.0,Frank A. Pasquale,University of Maryland,number,11.0,686.0,2205.0,614.0,91.0,0.0,27.25,19.880000000000006,0.0
253,253.0,253.0,0.0,Eduardo M. Penalver,University of Chicago,number,9.0,676.0,533.0,546.0,42.0,0.0,71.19,102.54,0.0
254,254.0,254.0,0.0,Nathaniel A. Persily,Stanford University,number,68.0,865.0,912.0,569.0,49.0,0.0,90.78,43.3,0.0
255,255.0,255.0,0.0,Ellen Smith Pryor,University of North Texas,number,33.0,341.0,205.0,115.0,10.0,0.0,16.24,13.12,0.0
256,256.0,256.0,0.0,Cristina M. Rodriguez,Yale University,number,23.0,886.0,654.0,797.0,73.0,0.0,42.19,36.92,0.0
257,257.0,257.0,0.0,Christopher Serkin,Vanderbilt University,number,14.0,476.0,378.0,382.0,47.0,0.0,19.83,16.41,93.0
258,258.0,258.0,0.0,Darien Shanske,"University of California, Davis",number,2.0,140.0,261.0,138.0,22.0,0.0,7.37,6.36,0.0
259,259.0,259.0,0.0,Matthew L. Spitzer,Northwestern University,number,8.0,1236.0,453.0,201.0,19.0,0.0,34.33,27.47,0.0
260,260.0,260.0,0.0,Christopher J. Sprigman,New York University,number,6.0,829.0,792.0,718.0,48.0,0.0,104.26,58.4,0.0
261,261.0,261.0,0.0,Jean Stefancic,University of Alabama,number,2.0,1162.0,1435.0,246.0,26.0,0.0,35.21,23.24,0.0
262,262.0,0.0,,Khaled A. Beydoun,"University of Arkansas, Fayetteville",number,7.0,85.0,1295.0,85.0,35.0,0.0,4.47,3.54,0.0
263,263.0,0.0,,Richard R. W. Brooks,New York University,number,2.0,265.0,260.0,166.0,13.0,0.0,18.93,13.95,0.0
264,264.0,0.0,,Lesley K. McAllister,"University of California, Davis",number,3.0,187.0,238.0,180.0,22.0,0.0,12.47,11.0,0.0
265,265.0,0.0,,Peter P. Swire,Georgia Institute of Technology,number,4.0,787.0,1094.0,341.0,36.0,0.0,47.77,32.78,0.0
266,266.0,0.0,,Matthew D. Adler,Duke University,number,5.0,1488.0,562.0,580.0,44.0,0.0,92.85,69.34,0.0
267,267.0,0.0,,Karima Evan Bennoune,"University of California, Davis",number,1.0,116.0,453.0,83.0,2.0,0.0,7.25,5.27,0.0
268,268.0,0.0,,Anu Bradford,Columbia University,number,0.0,154.0,534.0,152.0,20.0,0.0,14.0,12.83,0.0
269,269.0,0.0,,Charles W. II Brower,Wayne State University,number,7.0,797.0,1223.0,272.0,20.0,0.0,40.86,25.45000000000001,0.0
270,270.0,0.0,,Tomiko Brown-Nagin,Harvard University,number,0.0,255.0,257.0,146.0,8.0,0.0,21.25,15.0,0.0
271,271.0,0.0,,Paul D. Butler,Georgetown University,number,8.0,980.0,1772.0,448.0,72.0,0.0,54.37,44.04,18.0
272,272.0,0.0,,Allison D. Christians,McGill University,number,3.0,198.0,693.0,168.0,25.0,0.0,9.43,8.25,29.0
273,273.0,0.0,,Barry Cushman,University of Notre Dame,number,1.0,484.0,297.0,201.0,21.0,0.0,18.62,17.29,0.0
274,274.0,0.0,,Scott Dodson,"University of California, Hastings",number,36.0,597.0,692.0,535.0,99.0,0.0,13.88,11.48,70.0
275,275.0,0.0,,Mary L. Dudziak,Emory University,number,1.0,517.0,437.0,157.0,12.0,0.0,39.77,24.62,0.0
276,276.0,0.0,,Nita A. Farahany,Duke University,number,1.0,94.0,139.0,85.0,9.0,0.0,18.8,15.67,0.0
277,277.0,0.0,,Bryant G. Garth,"University of California, Irvine",number,7.0,1107.0,899.0,432.0,34.0,0.0,49.67,29.19,0.0
278,278.0,0.0,,James Thuo Gathii,"Loyola University, Chicago",number,2.0,685.0,1394.0,351.0,26.0,0.0,12.92,8.67,0.0
279,279.0,0.0,,Leslie C. Griffin,"University of Nevada, Las Vegas",number,3.0,261.0,253.0,158.0,13.0,0.0,21.37,19.15,0.0
280,280.0,0.0,,Deborah L. Hellman,University of Virginia,number,2.0,382.0,382.0,212.0,22.0,0.0,21.22,16.61,0.0
281,281.0,0.0,,Jennifer S. Hendricks,"University of Colorado, Boulder",number,0.0,107.0,252.0,97.0,12.0,0.0,6.69,6.29,15.0
282,282.0,0.0,,Jill R. Horwitz,"University of California, Los Angeles",number,0.0,122.0,108.0,95.0,2.0,0.0,24.4,17.43,0.0
283,283.0,0.0,,Shi-ling Hsu,Florida State University,number,2.0,568.0,808.0,340.0,14.0,0.0,21.04,292.88,0.0
284,284.0,0.0,,Jody Kraus,Columbia University,number,1.0,394.0,198.0,233.0,19.0,0.0,157.43,145.6,0.0
285,285.0,0.0,,Francine J. Lipman,"University of Nevada, Las Vegas",number,2.0,181.0,322.0,133.0,11.0,0.0,9.14,6.26,0.0
286,286.0,0.0,,Jonathan C. Lipson,Temple University,number,35.0,409.0,557.0,283.0,42.0,0.0,13.63,12.39,65.0
287,287.0,0.0,,Thomas Orin Main,"University of Nevada, Las Vegas",number,13.0,347.0,303.0,269.0,48.0,0.0,28.5,25.44,0.0
288,288.0,0.0,,Calvin R. Massey,University of New Hampshire,number,32.0,1066.0,452.0,399.0,19.0,0.0,69.46,55.44,0.0
289,289.0,0.0,,Jason Mazzone,University of Illinois,number,25.0,524.0,465.0,395.0,37.0,0.0,16.9,14.97,0.0
290,290.0,0.0,,Robert Miller,University of Iowa,number,2.0,21.0,28.0,4.0,1.0,0.0,3.5,1.91,0.0
291,291.0,0.0,,Victoria F. Nourse,Georgetown University,number,20.0,1102.0,1225.0,699.0,79.0,0.0,38.0,29.78,10.0
292,292.0,0.0,,Rafael Ignacio Pardo,Emory University,number,36.0,282.0,291.0,257.0,19.0,0.0,14.61,24.11,0.0
293,293.0,0.0,,H. Jefferson Powell,Duke University,number,11.0,2025.0,355.0,525.0,35.0,0.0,77.88,47.09,0.0
294,294.0,0.0,,Dorothy E. Roberts,University of Pennsylvania,number,15.0,2463.0,4891.0,936.0,89.0,0.0,67.5,49.87,81.0
295,295.0,0.0,,Jim Rossi,Vanderbilt University,number,27.0,1488.0,1148.0,899.0,95.0,0.0,29.18,24.0,112.0
296,296.0,0.0,,Adam Marcus Samaha,New York University,number,14.0,494.0,417.0,444.0,54.0,0.0,20.29,26.48,0.0
297,297.0,0.0,,Lynn A. Stout,Cornell University,number,52.0,3326.0,2738.0,1771.0,174.0,0.0,141.59,113.85,136.0
298,298.0,0.0,,Andrew E. Taslitz,American University,number,36.0,1652.0,1273.0,979.0,40.0,0.0,39.21,26.79,422.0
299,299.0,0.0,,Amanda L. Tyler,"University of California, Berkeley",number,7.0,238.0,271.0,193.0,17.0,0.0,26.44,21.64,0.0
300,300.0,0.0,,Katharine Van Tassel,University of Akron,number,8.0,71.0,105.0,60.0,3.0,0.0,7.1,7.1,1.0
301,301.0,0.0,,Gideon Yaffe,Yale University,number,0.0,39.0,140.0,31.0,4.0,0.0,3.0,2.79,0.0
302,0.0,,,Amy L. Landers,Drexel University,number,3.0,150.0,113.0,121.0,14.0,0.0,20.5,15.45,0.0
0,,,,Richard Albert,"University of Texas, Austin",number,1.0,320.0,1131.0,278.0,32.0,0.0,7.44,6.67,57.0
