Unnamed: 0,Person,School,Type,Cited by Cases,Cited by Articles,Accessed (Past 12 Months),Cited by Articles (Past 10 Years),Cited by Articles (Past 1-2 years),ScholarCheck Rank,Average Citations per Article,Average Citations per Document,Self-Citations,ID
0.0,Yonathan A. Arbel,Alabama,number,0.0,8.0,170.0,8.0,6.0,0.0,2.67,2.67,0.0,
0.0,Courtney Cross,Alabama,number,0.0,1.0,68.0,1.0,1.0,0.0,0.33,0.33,0.0,
0.0,Allyson E. Gold,Alabama,number,0.0,2.0,117.0,2.0,1.0,0.0,0.67,0.67,0.0,
,Vera Korzun,Akron,number,0.0,10.0,171.0,10.0,5.0,0.0,2.5,2.5,0.0,
,Camilla Hrdy,Akron,number,0.0,59.0,129.0,59.0,17.0,0.0,6.56,5.36,0.0,
,Elizabeth Knowles,Akron,number,0.0,0.0,22.0,0.0,0.0,0.0,0.0,0.0,0.0,
,Benjamin J. McMichael,Alabama,number,0.0,3.0,31.0,3.0,2.0,0.0,0.6,0.5,0.0,
,Deepa Das Acevedo,Alabama,number,0.0,22.0,455.0,22.0,16.0,0.0,2.44,2.44,0.0,
,Meghan M. Boone,Alabama,number,0.0,8.0,163.0,8.0,6.0,0.0,1.6,1.6,0.0,
,Casey E. Faucon,Alabama,number,0.0,20.0,213.0,20.0,2.0,0.0,5.0,3.33,0.0,
,Yonathan A. Arbel,Alabama,number,0.0,8.0,170.0,8.0,6.0,0.0,2.67,2.67,0.0,
,Courtney Cross,Alabama,number,0.0,1.0,68.0,1.0,1.0,0.0,0.33,0.33,0.0,
,Allyson E. Gold,Alabama,number,0.0,2.0,117.0,2.0,1.0,0.0,0.67,0.67,0.0,
,Stephen Rushin,Alabama,number,2.0,220.0,800.0,218.0,72.0,0.0,12.94,10.48,0.0,
,Jessica Eisen,Alberta,number,0.0,3.0,245.0,3.0,2.0,0.0,0.5,0.5,0.0,
,Rebecca J. Hamilton,American (Wash Coll of Law),number,0.0,26.0,347.0,21.0,2.0,0.0,5.2,3.25,0.0,
,Anita Sinha,American (Wash Coll of Law),number,0.0,43.0,279.0,29.0,8.0,0.0,10.75,7.17,0.0,
,Tammi Walker,Arizona,number,0.0,1.0,63.0,1.0,1.0,0.0,1.0,0.5,0.0,
,Jason Kreag,Arizona,number,3.0,43.0,130.0,43.0,19.0,0.0,8.6,7.17,0.0,
,Sergio Puig,Arizona,number,0.0,125.0,756.0,125.0,61.0,0.0,5.95,4.46,0.0,
,Justin Weinstein-Tull,Arizona State,number,2.0,26.0,132.0,26.0,12.0,0.0,8.67,5.2,0.0,
,Trevor Reed,Arizona State,number,0.0,0.0,9.0,0.0,0.0,0.0,0.0,0.0,0.0,
,Bijal Shah,Arizona State,number,0.0,47.0,184.0,47.0,13.0,0.0,7.83,6.71,4.0,
,Laura Napoli Coordes,Arizona State,number,0.0,20.0,138.0,20.0,11.0,0.0,2.86,2.86,1.0,
,Erin Adele Scharff,Arizona State,number,0.0,34.0,146.0,34.0,15.0,0.0,8.5,6.8,3.0,
,Kaiponanea T. Matsumura,Arizona State,number,2.0,60.0,98.0,58.0,19.0,0.0,15.0,6.67,0.0,
,Beth K. Zilberman,Arkansas,number,0.0,0.0,16.0,0.0,0.0,0.0,0.0,0.0,0.0,
,Alan M. Trammell,Arkansas-Fayetteville,number,3.0,72.0,119.0,68.0,12.0,0.0,9.14,17.14,0.0,
,Jordan B. Woods,Arkansas-Fayetteville,number,0.0,81.0,758.0,79.0,25.0,0.0,8.27,6.71,0.0,
,Sara Gosman,Arkansas-Fayetteville,number,0.0,3.0,36.0,3.0,0.0,0.0,1.5,1.5,0.0,
,Natalie Ram,Baltimore,number,6.0,74.0,244.0,73.0,20.0,0.0,9.25,8.22,0.0,
,Nadia B. Ahmad,Barry,number,0.0,11.0,128.0,10.0,4.0,0.0,1.33,1.33,0.0,
,Nancy Cantalupo,Barry,number,0.0,136.0,498.0,134.0,26.0,0.0,14.78,16.3,0.0,
,Denitsa R. Mavrova Heinrich,Barry,number,0.0,1.0,34.0,1.0,1.0,0.0,1.0,1.0,0.0,
,Michael Morley,Barry,number,4.0,195.0,340.0,138.0,42.0,0.0,9.29,6.5,0.0,
,Abbye Atkinson,Berkeley,number,0.0,20.0,66.0,20.0,1.0,0.0,6.67,6.67,0.0,
,Joy Milligan,Berkeley,number,0.0,48.0,129.0,42.0,11.0,0.0,12.0,9.6,0.0,
,Tejas N. Narechania,Berkeley,number,0.0,46.0,97.0,46.0,15.0,0.0,5.75,4.6,0.0,
,Catherine Crump,Berkeley,number,1.0,24.0,58.0,16.0,6.0,0.0,24.0,12.0,0.0,
,Hiba Hafiz,Boston College,number,0.0,3.0,93.0,3.0,3.0,0.0,1.0,1.0,0.0,
,Daniel Farbman,Boston College,number,0.0,2.0,21.0,2.0,1.0,0.0,2.0,2.0,0.0,
,Vera Korzun,Akron,number,0.0,10.0,171.0,10.0,5.0,0.0,2.5,2.5,0.0,117404.0
,Camilla Hrdy,Akron,number,0.0,59.0,129.0,59.0,17.0,0.0,6.56,5.36,0.0,203049.0
,Vera Korzun,Akron,number,0.0,10.0,171.0,10.0,5.0,0.0,2.5,2.5,0.0,292128.0
,Camilla Hrdy,Akron,number,0.0,59.0,129.0,59.0,17.0,0.0,6.56,5.36,0.0,315067.0
,Elizabeth Knowles,Akron,number,0.0,0.0,22.0,0.0,0.0,0.0,0.0,0.0,0.0,852395.0
,Benjamin J. McMichael,Alabama,number,0.0,3.0,31.0,3.0,2.0,0.0,0.6,0.5,0.0,266743.0
,Deepa Das Acevedo,Alabama,number,0.0,22.0,455.0,22.0,16.0,0.0,2.44,2.44,0.0,466720.0
,Meghan M. Boone,Alabama,number,0.0,8.0,163.0,8.0,6.0,0.0,1.6,1.6,0.0,677636.0
,Casey E. Faucon,Alabama,number,0.0,20.0,213.0,20.0,2.0,0.0,5.0,3.33,0.0,962321.0
,Vera Korzun,Akron,number,0.0,10.0,171.0,10.0,5.0,0.0,2.5,2.5,0.0,144152.0
,Camilla Hrdy,Akron,number,0.0,59.0,129.0,59.0,17.0,0.0,6.56,5.36,0.0,170212.0
,Elizabeth Knowles,Akron,number,0.0,0.0,22.0,0.0,0.0,0.0,0.0,0.0,0.0,217325.0
,Benjamin J. McMichael,Alabama,number,0.0,3.0,31.0,3.0,2.0,0.0,0.6,0.5,0.0,235433.0
,Deepa Das Acevedo,Alabama,number,0.0,22.0,455.0,22.0,16.0,0.0,2.44,2.44,0.0,254357.0
,Meghan M. Boone,Alabama,number,0.0,8.0,163.0,8.0,6.0,0.0,1.6,1.6,0.0,276683.0
,Casey E. Faucon,Alabama,number,0.0,20.0,213.0,20.0,2.0,0.0,5.0,3.33,0.0,304001.0
,Yonathan A. Arbel,Alabama,number,0.0,8.0,170.0,8.0,6.0,0.0,2.67,2.67,0.0,324763.0
,Courtney Cross,Alabama,number,0.0,1.0,68.0,1.0,1.0,0.0,0.33,0.33,0.0,337978.0
,Allyson E. Gold,Alabama,number,0.0,2.0,117.0,2.0,1.0,0.0,0.67,0.67,0.0,227798.0
,Stephen Rushin,Alabama,number,2.0,220.0,800.0,218.0,72.0,0.0,12.94,10.48,0.0,508986.0
,Jessica Eisen,Alberta,number,0.0,3.0,245.0,3.0,2.0,0.0,0.5,0.5,0.0,933079.0
,Rebecca J. Hamilton,American (Wash Coll of Law),number,0.0,26.0,347.0,21.0,2.0,0.0,5.2,3.25,0.0,114134.0
,Anita Sinha,American (Wash Coll of Law),number,0.0,43.0,279.0,29.0,8.0,0.0,10.75,7.17,0.0,144937.0
,Tammi Walker,Arizona,number,0.0,1.0,63.0,1.0,1.0,0.0,1.0,0.5,0.0,165257.0
,Jason Kreag,Arizona,number,3.0,43.0,130.0,43.0,19.0,0.0,8.6,7.17,0.0,183138.0
,Sergio Puig,Arizona,number,0.0,125.0,756.0,125.0,61.0,0.0,5.95,4.46,0.0,203504.0
,Justin Weinstein-Tull,Arizona State,number,2.0,26.0,132.0,26.0,12.0,0.0,8.67,5.2,0.0,242545.0
,Trevor Reed,Arizona State,number,0.0,0.0,9.0,0.0,0.0,0.0,0.0,0.0,0.0,262190.0
,Bijal Shah,Arizona State,number,0.0,47.0,184.0,47.0,13.0,0.0,7.83,6.71,4.0,278746.0
,Laura Napoli Coordes,Arizona State,number,0.0,20.0,138.0,20.0,11.0,0.0,2.86,2.86,1.0,299775.0
,Erin Adele Scharff,Arizona State,number,0.0,34.0,146.0,34.0,15.0,0.0,8.5,6.8,3.0,339910.0
,Kaiponanea T. Matsumura,Arizona State,number,2.0,60.0,98.0,58.0,19.0,0.0,15.0,6.67,0.0,217460.0
,Beth K. Zilberman,Arkansas,number,0.0,0.0,16.0,0.0,0.0,0.0,0.0,0.0,0.0,526473.0
,Alan M. Trammell,Arkansas-Fayetteville,number,3.0,72.0,119.0,68.0,12.0,0.0,9.14,17.14,0.0,699342.0
,Jordan B. Woods,Arkansas-Fayetteville,number,0.0,81.0,758.0,79.0,25.0,0.0,8.27,6.71,0.0,102739.0
,Sara Gosman,Arkansas-Fayetteville,number,0.0,3.0,36.0,3.0,0.0,0.0,1.5,1.5,0.0,150245.0
,Natalie Ram,Baltimore,number,6.0,74.0,244.0,73.0,20.0,0.0,9.25,8.22,0.0,174070.0
,Nadia B. Ahmad,Barry,number,0.0,11.0,128.0,10.0,4.0,0.0,1.33,1.33,0.0,197857.0
,Nancy Cantalupo,Barry,number,0.0,136.0,498.0,134.0,26.0,0.0,14.78,16.3,0.0,244894.0
,Benjamin Edwards,Barry,number,0.0,0.0,0.0,0.0,0.0,0.0,0.0,0.0,0.0,288796.0
,Denitsa R. Mavrova Heinrich,Barry,number,0.0,1.0,34.0,1.0,1.0,0.0,1.0,1.0,0.0,328783.0
,Michael Morley,Barry,number,4.0,195.0,340.0,138.0,42.0,0.0,9.29,6.5,0.0,375842.0
,Abbye Atkinson,Berkeley,number,0.0,20.0,66.0,20.0,1.0,0.0,6.67,6.67,0.0,103314.0
,Joy Milligan,Berkeley,number,0.0,48.0,129.0,42.0,11.0,0.0,12.0,9.6,0.0,125551.0
,Tejas N. Narechania,Berkeley,number,0.0,46.0,97.0,46.0,15.0,0.0,5.75,4.6,0.0,145353.0
,Catherine Crump,Berkeley,number,1.0,24.0,58.0,16.0,6.0,0.0,24.0,12.0,0.0,166796.0
,Hiba Hafiz,Boston College,number,0.0,3.0,93.0,3.0,3.0,0.0,1.0,1.0,0.0,185032.0
,Daniel Farbman,Boston College,number,0.0,2.0,21.0,2.0,1.0,0.0,2.0,2.0,0.0,203496.0
,Jeffrey M. Cohen,Boston College,number,0.0,9.0,11.0,6.0,1.0,0.0,7.5,4.0,0.0,225589.0
,M. Ryan Williams,Boston College,number,2.0,242.0,410.0,237.0,38.0,0.0,29.85,39.18,0.0,295892.0
,Natalya Shnitser,Boston College,number,0.0,32.0,57.0,32.0,4.0,0.0,8.0,6.4,0.0,296982.0
,Portia Pedro,Boston University,number,0.0,0.0,46.0,0.0,0.0,0.0,0.0,0.0,0.0,503393.0
,Scott Hirst,Boston University,number,0.0,67.0,174.0,67.0,25.0,0.0,11.17,11.17,0.0,681669.0
,Ahmed Ghappour,Boston University,number,1.0,17.0,382.0,17.0,8.0,0.0,8.5,5.67,1.0,874965.0
,Rory Van Loo,Boston University,number,0.0,74.0,746.0,74.0,44.0,0.0,9.25,8.22,8.0,106070.0
,Rebecca Ingber,Boston University,number,0.0,67.0,218.0,67.0,19.0,0.0,8.38,7.44,10.0,127996.0
,Julian Arato,Brooklyn,number,0.0,58.0,323.0,57.0,13.0,0.0,7.25,6.44,0.0,163237.0
,K. Sabeel Rahman,Brooklyn,number,0.0,53.0,621.0,53.0,34.0,0.0,7.57,3.79,0.0,186462.0
,Jocelyn Simonson,Brooklyn,number,4.0,169.0,491.0,168.0,70.0,0.0,21.12,16.9,0.0,219679.0
,Nicole Hallett,Buffalo,number,0.0,4.0,83.0,4.0,2.0,0.0,1.0,0.8,0.0,245709.0
,Jonathan Manes,Buffalo,number,1.0,5.0,95.0,5.0,2.0,0.0,1.67,1.67,1.0,265670.0
,Stephanie H. Barclay,BYU,number,1.0,27.0,283.0,27.0,4.0,0.0,6.75,4.5,0.0,286269.0
,Denitsa R. Mavrova Heinrich,Barry,number,0.0,1.0,39.0,1.0,1.0,0.0,1.0,1.0,0.0,247646.0
,William (I) Clayton,BYU,number,0.0,2.0,25.0,2.0,1.0,0.0,2.0,2.0,0.0,331135.0
,Gladriel Shobe,BYU,number,0.0,9.0,151.0,9.0,9.0,0.0,2.25,2.25,0.0,454544.0
,Jarrod Shobe,BYU,number,0.0,44.0,171.0,44.0,16.0,0.0,8.8,8.8,0.0,652281.0
,Stephanie Plamondon Bair,BYU,number,0.0,34.0,258.0,33.0,9.0,0.0,4.86,4.86,0.0,854238.0
,Clark D. Asay,BYU,number,0.0,103.0,375.0,103.0,29.0,0.0,7.36,6.87,0.0,125011.0
,Hannah Brenner,Cal Western,number,0.0,28.0,228.0,28.0,6.0,0.0,3.11,3.11,0.0,184450.0
,Erin Sheley,Calgary,number,3.0,29.0,386.0,29.0,6.0,0.0,3.62,3.22,0.0,207960.0
,Vera Korzun,Akron,number,0.0,10.0,171.0,10.0,5.0,0.0,2.5,2.5,0.0,6298.0
,Camilla Hrdy,Akron,number,0.0,59.0,129.0,59.0,17.0,0.0,6.56,5.36,0.0,5811.0
,Elizabeth Knowles,Akron,number,0.0,0.0,22.0,0.0,0.0,0.0,0.0,0.0,0.0,9429.0
,Benjamin J. McMichael,Alabama,number,0.0,3.0,31.0,3.0,2.0,0.0,0.6,0.5,0.0,570.0
,Deepa Das Acevedo,Alabama,number,0.0,22.0,455.0,22.0,16.0,0.0,2.44,2.44,0.0,9614.0
,Meghan M. Boone,Alabama,number,0.0,8.0,163.0,8.0,6.0,0.0,1.6,1.6,0.0,9149.0
,Casey E. Faucon,Alabama,number,0.0,20.0,213.0,20.0,2.0,0.0,5.0,3.33,0.0,3632.0
,Yonathan A. Arbel,Alabama,number,0.0,8.0,170.0,8.0,6.0,0.0,2.67,2.67,0.0,7083.0
,Courtney Cross,Alabama,number,0.0,1.0,68.0,1.0,1.0,0.0,0.33,0.33,0.0,7364.0
,Allyson E. Gold,Alabama,number,0.0,2.0,117.0,2.0,1.0,0.0,0.67,0.67,0.0,6447.0
,Stephen Rushin,Alabama,number,2.0,220.0,800.0,218.0,72.0,0.0,12.94,10.48,0.0,2557.0
,Jessica Eisen,Alberta,number,0.0,3.0,245.0,3.0,2.0,0.0,0.5,0.5,0.0,5713.0
,Rebecca J. Hamilton,American (Wash Coll of Law),number,0.0,26.0,347.0,21.0,2.0,0.0,5.2,3.25,0.0,7572.0
,Anita Sinha,American (Wash Coll of Law),number,0.0,43.0,279.0,29.0,8.0,0.0,10.75,7.17,0.0,3937.0
,Tammi Walker,Arizona,number,0.0,1.0,63.0,1.0,1.0,0.0,1.0,0.5,0.0,9456.0
,Jason Kreag,Arizona,number,3.0,43.0,130.0,43.0,19.0,0.0,8.6,7.17,0.0,659.0
,Sergio Puig,Arizona,number,0.0,125.0,756.0,125.0,61.0,0.0,5.95,4.46,0.0,3199.0
,Justin Weinstein-Tull,Arizona State,number,2.0,26.0,132.0,26.0,12.0,0.0,8.67,5.2,0.0,665.0
,Trevor Reed,Arizona State,number,0.0,0.0,9.0,0.0,0.0,0.0,0.0,0.0,0.0,9359.0
,Bijal Shah,Arizona State,number,0.0,47.0,184.0,47.0,13.0,0.0,7.83,6.71,4.0,367.0
,Laura Napoli Coordes,Arizona State,number,0.0,20.0,138.0,20.0,11.0,0.0,2.86,2.86,1.0,1616.0
,Erin Adele Scharff,Arizona State,number,0.0,34.0,146.0,34.0,15.0,0.0,8.5,6.8,3.0,1324.0
,Kaiponanea T. Matsumura,Arizona State,number,2.0,60.0,98.0,58.0,19.0,0.0,15.0,6.67,0.0,1418.0
,Beth K. Zilberman,Arkansas,number,0.0,0.0,16.0,0.0,0.0,0.0,0.0,0.0,0.0,1142.0
,Alan M. Trammell,Arkansas-Fayetteville,number,3.0,72.0,119.0,68.0,12.0,0.0,9.14,17.14,0.0,3735.0
,Jordan B. Woods,Arkansas-Fayetteville,number,0.0,81.0,758.0,79.0,25.0,0.0,8.27,6.71,0.0,5960.0
,Sara Gosman,Arkansas-Fayetteville,number,0.0,3.0,36.0,3.0,0.0,0.0,1.5,1.5,0.0,707.0
,Natalie Ram,Baltimore,number,6.0,74.0,244.0,73.0,20.0,0.0,9.25,8.22,0.0,5195.0
,Nadia B. Ahmad,Barry,number,0.0,11.0,128.0,10.0,4.0,0.0,1.33,1.33,0.0,2974.0
,Nancy Cantalupo,Barry,number,0.0,136.0,498.0,134.0,26.0,0.0,14.78,16.3,0.0,6719.0
,Benjamin Edwards,Barry,number,0.0,0.0,0.0,0.0,0.0,0.0,0.0,0.0,0.0,3435.0
,Denitsa R. Mavrova Heinrich,Barry,number,0.0,1.0,34.0,1.0,1.0,0.0,1.0,1.0,0.0,6326.0
,Michael Morley,Barry,number,4.0,195.0,340.0,138.0,42.0,0.0,9.29,6.5,0.0,9533.0
,Abbye Atkinson,Berkeley,number,0.0,20.0,66.0,20.0,1.0,0.0,6.67,6.67,0.0,1506.0
,Joy Milligan,Berkeley,number,0.0,48.0,129.0,42.0,11.0,0.0,12.0,9.6,0.0,4887.0
,Tejas N. Narechania,Berkeley,number,0.0,46.0,97.0,46.0,15.0,0.0,5.75,4.6,0.0,445.0
,Catherine Crump,Berkeley,number,1.0,24.0,58.0,16.0,6.0,0.0,24.0,12.0,0.0,2418.0
,Hiba Hafiz,Boston College,number,0.0,3.0,93.0,3.0,3.0,0.0,1.0,1.0,0.0,6043.0
,Daniel Farbman,Boston College,number,0.0,2.0,21.0,2.0,1.0,0.0,2.0,2.0,0.0,8987.0
,Jeffrey M. Cohen,Boston College,number,0.0,9.0,11.0,6.0,1.0,0.0,7.5,4.0,0.0,5608.0
,M. Ryan Williams,Boston College,number,2.0,242.0,410.0,237.0,38.0,0.0,29.85,39.18,0.0,3476.0
,Natalya Shnitser,Boston College,number,0.0,32.0,57.0,32.0,4.0,0.0,8.0,6.4,0.0,7580.0
,Scott Hirst,Boston University,number,0.0,67.0,174.0,67.0,25.0,0.0,11.17,11.17,0.0,3675.0
,Ahmed Ghappour,Boston University,number,1.0,17.0,382.0,17.0,8.0,0.0,8.5,5.67,1.0,474.0
,Rory Van Loo,Boston University,number,0.0,74.0,746.0,74.0,44.0,0.0,9.25,8.22,8.0,9011.0
,Rebecca Ingber,Boston University,number,0.0,67.0,218.0,67.0,19.0,0.0,8.38,7.44,10.0,2657.0
,Julian Arato,Brooklyn,number,0.0,58.0,323.0,57.0,13.0,0.0,7.25,6.44,0.0,2584.0
,K. Sabeel Rahman,Brooklyn,number,0.0,53.0,621.0,53.0,34.0,0.0,7.57,3.79,0.0,396.0
,Jocelyn Simonson,Brooklyn,number,4.0,169.0,491.0,168.0,70.0,0.0,21.12,16.9,0.0,7350.0
,Nicole Hallett,Buffalo,number,0.0,4.0,83.0,4.0,2.0,0.0,1.0,0.8,0.0,2849.0
,Jonathan Manes,Buffalo,number,1.0,5.0,95.0,5.0,2.0,0.0,1.67,1.67,1.0,9450.0
,Stephanie H. Barclay,BYU,number,1.0,27.0,283.0,27.0,4.0,0.0,6.75,4.5,0.0,9905.0
,William (I) Clayton,BYU,number,0.0,2.0,25.0,2.0,1.0,0.0,2.0,2.0,0.0,2664.0
,Gladriel Shobe,BYU,number,0.0,9.0,151.0,9.0,9.0,0.0,2.25,2.25,0.0,5891.0
,Jarrod Shobe,BYU,number,0.0,44.0,171.0,44.0,16.0,0.0,8.8,8.8,0.0,120.0
,Stephanie Plamondon Bair,BYU,number,0.0,34.0,258.0,33.0,9.0,0.0,4.86,4.86,0.0,6491.0
,Clark D. Asay,BYU,number,0.0,103.0,375.0,103.0,29.0,0.0,7.36,6.87,0.0,4257.0
,Hannah Brenner,Cal Western,number,0.0,28.0,228.0,28.0,6.0,0.0,3.11,3.11,0.0,4300.0
,Erin Sheley,Calgary,number,3.0,29.0,386.0,29.0,6.0,0.0,3.62,3.22,0.0,8801.0
,Greg Reilly,California Western,number,1.0,112.0,185.0,112.0,51.0,0.0,9.33,8.62,0.0,5678.0
,Shawn E. Fields,Campbell,number,0.0,19.0,305.0,15.0,13.0,0.0,2.71,2.38,0.0,3185.0
,Jocelyn Getgen Kestenbaum,Cardozo,number,0.0,27.0,224.0,27.0,4.0,0.0,6.75,3.86,0.0,4404.0
,Michael C. Pollack,Cardozo,number,3.0,31.0,163.0,18.0,6.0,0.0,7.75,3.88,0.0,6459.0
,Samuel N. Weinstein,Cardozo,number,0.0,22.0,45.0,7.0,5.0,0.0,7.33,4.4,0.0,6390.0
,Claudia Flores,Chicago,number,0.0,4.0,82.0,2.0,1.0,0.0,2.0,2.0,0.0,5003.0
,Daniel J. Hemel,Chicago,number,1.0,215.0,702.0,213.0,87.0,0.0,21.67,14.58,0.0,5336.0
,Genevieve Lakier,Chicago,number,0.0,77.0,193.0,77.0,25.0,0.0,15.4,11.0,0.0,9382.0
,John Rappaport,Chicago,number,2.0,69.0,129.0,69.0,26.0,0.0,11.5,11.5,0.0,7746.0
,Adam S. Chilton,Chicago,number,0.0,121.0,724.0,114.0,58.0,0.0,4.32,3.78,0.0,9228.0
,William Partlett,Chinese U of Hong Kong,number,0.0,25.0,148.0,25.0,1.0,0.0,2.78,2.78,0.0,1244.0
,Rehan Aindri Abeyratne,Chinese University of Hong Kong,number,0.0,10.0,250.0,10.0,2.0,0.0,1.43,1.25,0.0,9632.0
,Craig J. Konnoth,Colorado,number,0.0,31.0,124.0,31.0,10.0,0.0,22.2,11.83,0.0,3537.0
,Benjamin N. Levin,Colorado,number,3.0,108.0,340.0,85.0,27.0,0.0,17.52,11.58,0.0,6030.0
,Scott Skinner-Thompson,Colorado,number,0.0,47.0,369.0,47.0,24.0,0.0,9.4,6.71,0.0,247.0
,Sloan G. Speck,Colorado,number,2.0,58.0,53.0,54.0,11.0,0.0,29.0,19.33,0.0,8637.0
,Kristelia A. Garcia,Colorado,number,0.0,20.0,106.0,20.0,6.0,0.0,5.0,5.0,2.0,4393.0
,Sharon (I) Jacobs,Colorado,number,0.0,73.0,155.0,73.0,16.0,0.0,9.12,9.12,5.0,7632.0
,Maeve Herbert Glass,Columbia,number,0.0,0.0,114.0,0.0,0.0,0.0,0.0,0.0,0.0,2517.0
,Kellen Funk,Columbia,number,0.0,6.0,1.0,6.0,2.0,0.0,2.0,1.2,0.0,4146.0
,Joshua R. Mitts,Columbia,number,3.0,75.0,387.0,57.0,24.0,0.0,9.38,8.33,0.0,8092.0
,Kristen Underhill,Columbia,number,1.0,18.0,195.0,18.0,4.0,0.0,3.6,3.0,0.0,8166.0
,Jeremy K. Kessler,Columbia,number,2.0,91.0,221.0,91.0,46.0,0.0,18.2,13.0,0.0,8834.0
,Ryan Stoa,Concordia,number,0.0,22.0,393.0,22.0,4.0,0.0,2.2,2.2,0.0,2398.0
,Jessica Berch,Concordia,number,0.0,16.0,75.0,16.0,6.0,0.0,3.2,2.67,0.0,3842.0
,Jamelia N. Morgan,Connecticut,number,0.0,1.0,122.0,1.0,1.0,0.0,0.33,0.33,0.0,3180.0
,Kiel Brennan-Marquez,Connecticut,number,1.0,72.0,432.0,72.0,39.0,0.0,4.5,3.79,0.0,6636.0
,Jeremy R. McClane,Connecticut,number,0.0,12.0,106.0,12.0,5.0,0.0,4.33,4.33,0.0,2065.0
,Rachel Goldberg,Cornell,number,0.0,0.0,10.0,0.0,0.0,0.0,0.0,0.0,0.0,4041.0
,Maggie Gardner,Cornell,number,2.0,37.0,237.0,37.0,14.0,0.0,5.29,4.11,0.0,390.0
,Zachary D. Clopton,Cornell,number,7.0,140.0,524.0,129.0,54.0,0.0,7.0,6.36,0.0,4312.0
,Elizabeth Brundige,Cornell,number,0.0,2.0,85.0,2.0,0.0,0.0,0.67,0.5,0.0,7438.0
,Charisa Smith,CUNY,number,1.0,9.0,111.0,9.0,3.0,0.0,1.8,1.8,0.0,5927.0
,Menesh S. Patel,Davis,number,0.0,1.0,32.0,1.0,1.0,0.0,1.0,1.0,0.0,7789.0
,Shayak Sarkar,Davis,number,0.0,2.0,75.0,2.0,2.0,0.0,1.0,0.33,0.0,9689.0
,Shiri Krebs,Deakin,number,0.0,4.0,136.0,4.0,2.0,0.0,1.0,1.0,0.0,7322.0
,Govind C. Persad,Denver,number,0.0,27.0,134.0,27.0,10.0,0.0,11.0,6.14,0.0,2680.0
,Wyatt G. Sassman,Denver,number,0.0,7.0,47.0,7.0,3.0,0.0,5.0,2.33,0.0,9271.0
,Erin R. Archerd,Detroit Mercy,number,0.0,12.0,68.0,10.0,1.0,0.0,7.5,4.5,0.0,4889.0
,Hannah C. Bloch-Wehba,Drexel,number,0.0,7.0,80.0,7.0,4.0,0.0,1.75,1.75,0.0,2136.0
,Ben K. Grunwald,Duke,number,1.0,13.0,184.0,13.0,6.0,0.0,2.17,1.62,0.0,2681.0
,Ofer Eldar,Duke,number,0.0,14.0,93.0,13.0,3.0,0.0,3.5,3.5,0.0,2411.0
,Taisu Zhang,Duke,number,0.0,35.0,184.0,34.0,9.0,0.0,4.38,3.89,0.0,7940.0
,Richard L. Jr. Heppner,Duquesne,number,0.0,6.0,16.0,6.0,1.0,0.0,3.0,3.0,0.0,5715.0
,Pablo Echeverri,Duquesne,number,0.0,1.0,5.0,1.0,1.0,0.0,1.0,1.0,0.0,2278.0
,George S. Georgiev,Emory,number,0.0,12.0,77.0,12.0,7.0,0.0,3.0,3.0,0.0,2339.0
,Kamina A. Pinder,Emory,number,0.0,49.0,69.0,41.0,2.0,0.0,13.58,13.58,0.0,5563.0
,Merritt McAlister,Florida,number,2.0,3.0,12.0,3.0,0.0,0.0,3.0,1.5,0.0,6461.0
,Stephanie Bornstein,Florida,number,0.0,185.0,517.0,162.0,33.0,0.0,16.82,15.42,0.0,2360.0
,Sarah L. Swan,Florida State,number,0.0,47.0,287.0,47.0,22.0,0.0,5.88,5.88,0.0,7997.0
,Lauren Henry Scholz,Florida State,number,0.0,11.0,182.0,11.0,7.0,0.0,3.67,2.75,0.0,8742.0
,Avlana K. Eisenberg,Florida State,number,0.0,56.0,181.0,56.0,20.0,0.0,14.0,14.0,0.0,2078.0
,Justin Sevier,Florida State,number,1.0,46.0,261.0,46.0,13.0,0.0,4.6,4.6,0.0,158.0
,Janet Freilich,Fordham,number,0.0,36.0,119.0,36.0,5.0,0.0,7.2,6.0,0.0,9843.0
,Robert Leider,George Mason,number,2.0,15.0,42.0,15.0,1.0,0.0,5.0,5.0,0.0,2461.0
,Caroline Cecot,George Mason,number,0.0,30.0,151.0,30.0,15.0,0.0,4.29,3.33,0.0,2764.0
,Jennifer L. Mascott,George Mason,number,1.0,21.0,148.0,21.0,18.0,0.0,7.0,5.25,0.0,2432.0
,Paolo Saguato,George Mason,number,0.0,2.0,87.0,2.0,1.0,0.0,0.67,0.67,0.0,5052.0
,Megan T. Stevenson,George Mason,number,2.0,57.0,481.0,57.0,46.0,0.0,9.5,8.14,0.0,9573.0
,Amanda Levendowski,Georgetown,number,0.0,13.0,751.0,13.0,7.0,0.0,13.0,6.5,0.0,6022.0
,Kevin P. Arlyck,Georgetown,number,0.0,7.0,37.0,7.0,2.0,0.0,3.5,2.33,0.0,5455.0
,Shon R. Hopwood,Georgetown,number,0.0,26.0,194.0,26.0,13.0,0.0,7.17,4.25,0.0,6777.0
,Sherally Munshi,Georgetown,number,0.0,11.0,183.0,11.0,8.0,0.0,2.2,2.2,0.0,4227.0
,Neel Sukhatme,Georgetown,number,0.0,43.0,64.0,43.0,5.0,0.0,10.75,10.75,0.0,3940.0
,Yvonne Tew,Georgetown,number,0.0,13.0,139.0,13.0,4.0,0.0,3.25,2.6,1.0,1592.0
,Jamillah Bowman Williams,Georgetown,number,0.0,4.0,99.0,4.0,3.0,0.0,2.0,2.0,0.0,698.0
,Anne C. Fleming,Georgetown,number,1.0,38.0,76.0,36.0,10.0,0.0,19.0,9.5,1.0,6336.0
,Lindsey Simon,Georgia,number,0.0,1.0,12.0,1.0,1.0,0.0,1.0,1.0,0.0,9162.0
,Sandra Mayson,Georgia,number,3.0,87.0,494.0,87.0,65.0,0.0,21.75,21.75,0.0,1930.0
,Kate Weisburd,GW,number,3.0,28.0,76.0,28.0,10.0,0.0,14.0,9.33,0.0,3686.0
,Dmitry Karshtedt,GW,number,0.0,75.0,227.0,75.0,21.0,0.0,7.5,6.82,0.0,4143.0
,Nikolas Bowie,Harvard,number,0.0,2.0,53.0,2.0,2.0,0.0,1.0,0.5,0.0,7291.0
,Anna Lvovsky,Harvard,number,3.0,17.0,108.0,17.0,14.0,0.0,8.5,8.5,0.0,8981.0
,Elizabeth Papp Kamali,Harvard,number,0.0,0.0,21.0,0.0,0.0,0.0,0.0,0.0,0.0,4126.0
,Daphna Renan,Harvard,number,0.0,117.0,529.0,114.0,56.0,0.0,23.4,23.4,0.0,6523.0
,Christopher Bavitz,Harvard,number,0.0,0.0,2.0,0.0,0.0,0.0,0.0,0.0,0.0,9203.0
,Crystal S. Yang,Harvard,number,2.0,46.0,256.0,46.0,20.0,0.0,15.33,15.33,0.0,3736.0
,Emily Murphy,Hastings,number,1.0,80.0,129.0,79.0,7.0,0.0,20.0,20.0,0.0,3473.0
,Manoj Viswanathan,Hastings,number,0.0,28.0,123.0,25.0,6.0,0.0,5.6,4.0,0.0,6914.0
,Veena Dubal,Hastings,number,0.0,4.0,21.0,4.0,1.0,0.0,1.33,1.33,0.0,3963.0
,Zachary S. Price,Hastings,number,7.0,286.0,355.0,261.0,53.0,0.0,26.0,22.0,0.0,9254.0
,Charles E. Colman,Hawaii,number,2.0,22.0,90.0,22.0,7.0,0.0,2.44,2.44,0.0,7670.0
,Matthew A. Shapiro,Hofstra,number,0.0,10.0,15.0,10.0,4.0,0.0,5.0,5.0,0.0,4503.0
,Brenner M. Fissell,Hofstra,number,0.0,17.0,221.0,17.0,10.0,0.0,1.7,1.55,0.0,1179.0
,Ryan Whalen,Hong Kong,number,0.0,11.0,157.0,11.0,4.0,0.0,1.57,1.38,0.0,4953.0
,Andrew C. Michaels,Houston,number,0.0,9.0,121.0,9.0,2.0,0.0,1.8,1.5,0.0,4053.0
,H. James Nelson,Houston,number,0.0,75.0,143.0,74.0,16.0,0.0,12.0,10.2,0.0,5582.0
,Emily Berman,Houston,number,0.0,86.0,366.0,79.0,16.0,0.0,8.6,7.17,0.0,1582.0
,Myrisha Lewis,Howard,number,0.0,2.0,6.0,2.0,1.0,0.0,2.0,2.0,0.0,8167.0
,Matthew Bruckner,Howard,number,0.0,7.0,16.0,7.0,1.0,0.0,3.5,3.5,0.0,1964.0
,Samuel P. Newton,Idaho,number,0.0,0.0,13.0,0.0,0.0,0.0,0.0,0.0,0.0,5866.0
,Katherine Evans,Idaho,number,0.0,12.0,12.0,10.0,0.0,0.0,6.0,6.0,0.0,4216.0
,Katherine A. Macfarlane,Idaho,number,0.0,34.0,119.0,33.0,10.0,0.0,3.78,3.4,0.0,7483.0
,David Pimentel,Idaho,number,5.0,131.0,770.0,117.0,18.0,0.0,5.7,5.24,0.0,8915.0
,Aliza Plener Cover,Idaho,number,0.0,19.0,86.0,19.0,11.0,0.0,10.67,10.67,0.0,584.0
,Michelle D. Layser,Illinois,number,0.0,13.0,44.0,13.0,1.0,0.0,3.25,3.25,0.0,6290.0
,Ian Samuel,Indiana (Bloomington),number,0.0,19.0,58.0,19.0,6.0,0.0,19.0,4.75,0.0,6617.0
,Jessica Eaglin,Indiana (Bloomington),number,5.0,62.0,271.0,62.0,25.0,0.0,10.33,10.33,8.0,6299.0
,Todd Haugh,Indiana Kelley Sch of Bus,number,0.0,84.0,296.0,84.0,37.0,0.0,7.0,6.0,0.0,7290.0
,Brian Owsley,Indiana Tech,number,6.0,44.0,22.0,8.0,2.0,0.0,8.8,8.8,0.0,1688.0
,Gina-Gail S. Fletcher,Indiana-Bloomington,number,0.0,12.0,127.0,12.0,3.0,0.0,4.0,4.0,1.0,6010.0
,Pamela Foohey,Indiana-Bloomington,number,0.0,54.0,192.0,53.0,17.0,0.0,4.15,3.86,11.0,437.0
,Alison K. Guernsey,Iowa,number,1.0,18.0,39.0,17.0,0.0,0.0,9.0,6.0,0.0,8274.0
,Daria Fisher Page,Iowa,number,0.0,7.0,13.0,7.0,2.0,0.0,2.33,2.33,0.0,1796.0
,Anya E.R. Prince,Iowa,number,0.0,21.0,134.0,21.0,10.0,0.0,3.0,3.0,0.0,3058.0
,Gregory H. Shill,Iowa,number,1.0,23.0,108.0,23.0,4.0,0.0,7.67,5.75,0.0,5621.0
,Sean Sullivan,Iowa,number,0.0,19.0,147.0,19.0,8.0,0.0,2.57,3.57,0.0,7362.0
,Cristina Carmody Tilley,Iowa,number,0.0,51.0,166.0,36.0,10.0,0.0,8.5,8.5,0.0,9387.0
,Mihailis E. Diamantis,Iowa,number,0.0,22.0,205.0,21.0,16.0,0.0,2.44,2.44,0.0,9440.0
,Sarah A. Seo,Iowa,number,4.0,19.0,69.0,19.0,7.0,0.0,6.33,2.71,0.0,5854.0
,Matthew C. Turk,Kelley School (Indiana),number,0.0,52.0,236.0,52.0,14.0,0.0,3.9,16.25,0.0,3289.0
,Christopher G. Bradley,Kentucky,number,0.0,6.0,183.0,6.0,4.0,0.0,2.0,2.0,0.0,827.0
,Albertina Antognini,Kentucky,number,0.0,28.0,203.0,28.0,9.0,0.0,7.0,7.0,0.0,8901.0
,Andrew K. Woods,Kentucky,number,1.0,81.0,263.0,81.0,29.0,0.0,10.12,9.0,0.0,3586.0
,Ezra Goldschlager,LaVerne,number,0.0,0.0,1.0,0.0,0.0,0.0,0.0,0.0,0.0,5843.0
,Paul MacMahon,London School of Economics,number,2.0,21.0,101.0,21.0,5.0,0.0,3.5,2.33,0.0,2482.0
,Justin Walker,Louisville,number,0.0,3.0,87.0,3.0,2.0,0.0,0.75,0.5,0.0,6876.0
,L. Kate Mitchell,Loyola-Chicago,number,0.0,0.0,36.0,0.0,0.0,0.0,0.0,0.0,0.0,3795.0
,Nicholas S. Bryner,LSU,number,0.0,24.0,131.0,24.0,15.0,0.0,4.8,4.8,0.0,1206.0
,Madalyn K. Wasilczuk,LSU,number,0.0,0.0,4.0,0.0,0.0,0.0,0.0,0.0,0.0,7540.0
,Raff Donelson,LSU,number,0.0,0.0,48.0,0.0,0.0,0.0,0.0,0.0,0.0,9240.0
,Lecia Vicente,LSU,number,0.0,2.0,20.0,2.0,2.0,0.0,0.67,0.67,0.0,1755.0
,Thea Johnson,Maine,number,0.0,17.0,126.0,17.0,9.0,0.0,4.25,3.4,0.0,734.0
,Jill I. Goldenziel,Marine Corps University,number,4.0,44.0,226.0,33.0,5.0,0.0,17.0,9.13,0.0,2325.0
,Jodie A. Kirshner,Marron Institute (NYU),number,0.0,32.0,162.0,32.0,7.0,0.0,3.56,3.2,0.0,4994.0
,Dustin Marlan,Massachusetts,number,0.0,4.0,103.0,4.0,0.0,0.0,4.0,2.0,0.0,757.0
,John Newman,Memphis,number,0.0,89.0,299.0,82.0,30.0,0.0,8.9,4.45,11.0,9612.0
,Andrew Elmore,Miami,number,2.0,16.0,91.0,13.0,6.0,0.0,4.0,3.2,0.0,9808.0
,Kathleen Claussen,Miami,number,0.0,14.0,273.0,14.0,5.0,0.0,1.75,1.08,0.0,6153.0
,Edward G. Fox,Michigan,number,0.0,6.0,93.0,6.0,6.0,0.0,4.0,3.75,0.0,6337.0
,Maureen Carroll,Michigan,number,1.0,67.0,186.0,66.0,19.0,0.0,16.75,11.17,0.0,4326.0
,Gabriel V. Rauterberg,Michigan,number,1.0,105.0,556.0,105.0,49.0,0.0,13.12,10.5,0.0,9305.0
,Carla L. Reyes,Michigan State,number,1.0,55.0,428.0,55.0,30.0,0.0,6.88,5.0,0.0,5592.0
,David H. Blankfein-Tabachnick,MIchigan State,number,0.0,8.0,303.0,8.0,2.0,0.0,8.0,7.0,0.0,2745.0
,Randall K. Johnson,Mississippi College,number,0.0,12.0,104.0,12.0,7.0,0.0,1.5,1.5,0.0,2800.0
,Brook E. Gotberg,Missouri,number,2.0,18.0,81.0,18.0,6.0,0.0,6.0,6.0,0.0,4939.0
,Erika Fisher Lietzan,Missouri,number,7.0,194.0,339.0,138.0,28.0,0.0,10.78,10.21,14.0,3553.0
,Brandon Weiss,Missouri - Kansas City,number,0.0,4.0,42.0,4.0,2.0,0.0,2.0,1.33,0.0,4138.0
,Meredith Edelman,Monash Business School,number,0.0,0.0,0.0,0.0,0.0,0.0,0.0,0.0,0.0,6277.0
,Cathay Y. N. Smith,Montana,number,0.0,6.0,189.0,6.0,3.0,0.0,1.2,1.0,0.0,3564.0
,Ryan Sullivan,Nebraska,number,0.0,4.0,127.0,4.0,1.0,0.0,0.8,0.4,0.0,8686.0
,Maggie Wittlin,Nebraska,number,0.0,26.0,72.0,26.0,5.0,0.0,6.5,4.33,0.0,9990.0
,Alexandra Roberts,New Hampshire,number,0.0,0.0,3.0,0.0,0.0,0.0,0.0,0.0,0.0,6771.0
,Mary Leto Pareja,New Mexico,number,0.0,9.0,16.0,7.0,1.0,0.0,2.25,2.25,0.0,303.0
,Kevin Sobel-Read,Newcastle (Australia),number,0.0,7.0,60.0,7.0,3.0,0.0,2.33,2.33,0.0,8193.0
,Eisha Jain,North Carolina,number,1.0,116.0,293.0,116.0,51.0,0.0,19.33,19.33,0.0,6323.0
,Claudia E. Haupt,Northeastern,number,0.0,100.0,341.0,94.0,31.0,0.0,5.56,5.56,0.0,9208.0
,Carliss N. Chatman,Northern Illinois,number,0.0,2.0,53.0,2.0,1.0,0.0,0.5,0.5,0.0,6463.0
,Sarah (I) Fox,Northern Illinois,number,2.0,24.0,109.0,24.0,6.0,0.0,5.7,4.5,0.0,3943.0
,Maybell Romero,Northern Illinois,number,0.0,3.0,18.0,3.0,3.0,0.0,1.5,1.0,0.0,1978.0
,Matthew Tokson,Northern Kentucky,number,1.0,140.0,182.0,139.0,23.0,0.0,28.0,23.33,0.0,3840.0
,Matthew D. Kugler,Northwestern,number,0.0,80.0,329.0,80.0,32.0,0.0,5.71,5.33,0.0,9715.0
,Sarath Sanga,Northwestern,number,0.0,18.0,121.0,18.0,11.0,0.0,2.57,2.57,0.0,2671.0
,Candice T. Player,Northwestern,number,0.0,13.0,153.0,13.0,5.0,0.0,4.33,4.33,0.0,8036.0
,Destiny Peery,Northwestern,number,0.0,19.0,147.0,19.0,5.0,0.0,4.75,3.8,0.0,3581.0
,Christian R. Burset,Notre Dame,number,0.0,0.0,21.0,0.0,0.0,0.0,0.0,0.0,0.0,5898.0
,Sadie Blanchard,Notre Dame,number,0.0,24.0,151.0,24.0,3.0,0.0,6.0,4.0,0.0,7806.0
,Marah Stith McLeod,Notre Dame,number,0.0,5.0,245.0,5.0,2.0,0.0,1.67,1.67,0.0,8068.0
,Veronica S. Root,Notre Dame,number,2.0,62.0,212.0,61.0,20.0,0.0,28.67,17.67,0.0,9916.0
,Dallan F. Flake,Ohio Northern,number,1.0,34.0,290.0,34.0,18.0,0.0,4.86,4.86,0.0,5048.0
,Erica Goldberg,Ohio Northern,number,0.0,84.0,269.0,84.0,21.0,0.0,10.5,10.5,0.0,996.0
,Karen Hall,Ohio Northern,number,0.0,0.0,0.0,0.0,0.0,0.0,0.0,0.0,0.0,8886.0
,Karen Powell,Ohio Northern,number,0.0,1.0,5.0,1.0,0.0,0.0,0.25,0.2,0.0,17.0
,Courtlyn G. Roser-Jones,Ohio State,number,0.0,2.0,58.0,2.0,0.0,0.0,2.0,2.0,0.0,808.0
,Matthew H. Birkhold,Ohio State,number,0.0,8.0,95.0,8.0,0.0,0.0,2.67,2.0,0.0,8470.0
,Bryan H. Choi,Ohio State,number,1.0,56.0,150.0,51.0,7.0,0.0,11.2,11.2,2.0,2631.0
,Ari Glogower,Ohio State,number,0.0,7.0,128.0,7.0,7.0,0.0,2.33,2.33,0.0,5088.0
,Mohamed S. Helal,Ohio State,number,0.0,10.0,64.0,10.0,1.0,0.0,2.0,2.0,1.0,1213.0
,Amna A. Akbar,Ohio State,number,0.0,39.0,363.0,39.0,26.0,0.0,9.75,9.75,0.0,3265.0
,Liz Kaminski,Ohio State,number,1.0,235.0,1395.0,216.0,56.0,0.0,36.6,53.07,0.0,4464.0
,Roger Michael Michalski,Oklahoma,number,0.0,42.0,149.0,42.0,15.0,0.0,17.0,9.5,0.0,4217.0
,Melissa D. Mortazavi,Oklahoma,number,0.0,35.0,224.0,35.0,12.0,0.0,11.36,11.17,0.0,3768.0
,Joshua S. Sellers,Oklahoma,number,0.0,10.0,83.0,10.0,9.0,0.0,2.0,2.0,0.0,9500.0
,Kristen Bell,Oregon,number,0.0,1.0,24.0,0.0,0.0,0.0,0.5,0.2,0.0,5304.0
,Jonathan Brown,Pace,number,0.0,19.0,228.0,9.0,2.0,0.0,1.58,1.19,0.0,9609.0
,Margot Pollans,Pace,number,0.0,38.0,223.0,38.0,12.0,0.0,7.6,5.43,4.0,6709.0
,Maggie McKinley,Penn,number,0.0,25.0,143.0,25.0,17.0,0.0,12.5,8.33,0.0,9408.0
,Ryan D. Doerfler,Penn,number,1.0,39.0,208.0,39.0,26.0,0.0,6.5,4.88,0.0,7197.0
,Martin Skladany,Penn State,number,0.0,15.0,81.0,15.0,1.0,0.0,1.67,1.5,0.0,2196.0
,Megan S. Wright,Penn State (University Park),number,0.0,17.0,209.0,17.0,12.0,0.0,1.89,1.7,0.0,8005.0
,Ben Johnson,Penn State (University Park),number,0.0,11.0,4.0,5.0,0.0,0.0,11.0,2.75,0.0,4729.0
,Matthew J.B. Lawrence,Penn State Dickinson,number,1.0,33.0,56.0,33.0,10.0,0.0,8.25,6.6,0.0,4968.0
,David Thaw,Pitt,number,0.0,71.0,234.0,71.0,15.0,0.0,8.88,7.89,7.0,4722.0
,Greer Donley,Pittsburgh,number,0.0,5.0,61.0,5.0,1.0,0.0,1.0,1.0,0.0,8210.0
,Jaime Lluch,Puerto Rico Poli Sci Dept,number,0.0,0.0,18.0,0.0,0.0,0.0,0.0,0.0,0.0,8928.0
,Alyssa S. King,Queen's,number,0.0,4.0,67.0,4.0,2.0,0.0,0.67,2.67,0.0,9198.0
,Jennifer A. Levine,Quinnipiac,number,0.0,14.0,32.0,8.0,0.0,0.0,0.0,14.0,0.0,1262.0
,G. Alex Sinha,Quinnipiac,number,0.0,7.0,176.0,7.0,0.0,0.0,7.0,7.0,0.0,1742.0
,Luke P. Norris,Richmond,number,0.0,11.0,145.0,11.0,9.0,0.0,5.5,5.5,0.0,5606.0
,Hayes R. Holderness,Richmond,number,0.0,16.0,84.0,16.0,7.0,0.0,4.0,3.2,0.0,5575.0
,Jud Campbell,Richmond,number,0.0,29.0,274.0,29.0,19.0,0.0,5.8,4.83,0.0,7153.0
,Erin R. Collins,Richmond,number,0.0,24.0,242.0,24.0,10.0,0.0,7.17,7.17,0.0,6807.0
,Paul T. Crane,Richmond,number,5.0,70.0,66.0,69.0,14.0,0.0,23.33,17.5,0.0,4122.0
,Allison Tait,Richmond,number,0.0,54.0,323.0,54.0,12.0,0.0,8.31,8.0,0.0,9853.0
,Adnan Zulfiqar,Rutgers,number,0.0,9.0,93.0,9.0,0.0,0.0,4.5,3.5,0.0,2108.0
,Alexis Karteron,Rutgers (Camden),number,0.0,1.0,21.0,1.0,1.0,0.0,1.0,1.0,0.0,217.0
,Kirsten Nussbaumer,Rutgers (Camden),number,0.0,1.0,1.0,1.0,0.0,0.0,1.0,1.0,0.0,4705.0
,Tracey M. Roberts,Samford (Cumberland),number,0.0,50.0,69.0,50.0,11.0,0.0,10.0,8.33,0.0,454.0
,Ariel Stevenson,San Diego,number,0.0,2.0,19.0,2.0,0.0,0.0,2.0,1.0,0.0,6949.0
,Vinay Harpalani,Savannah,number,0.0,61.0,206.0,61.0,5.0,0.0,6.78,5.55,0.0,4716.0
,Katherine Moore,Seton Hall,number,0.0,6.0,11.0,6.0,0.0,0.0,6.0,6.0,0.0,625.0
,Hillel J. Bavli,SMU,number,1.0,3.0,84.0,3.0,2.0,0.0,0.5,0.43,0.0,8393.0
,Natalie Nanasi,SMU,number,0.0,9.0,174.0,9.0,6.0,0.0,1.5,1.29,1.0,5648.0
,Jesse M. Cross,South Carolina,number,0.0,1.0,29.0,1.0,0.0,0.0,0.5,0.25,0.0,4563.0
,Clint Wallace,South Carolina,number,0.0,0.0,1.0,0.0,0.0,0.0,0.0,0.0,0.0,3309.0
,Annie Eisenberg,South Carolina,number,0.0,0.0,2.0,0.0,0.0,0.0,0.0,0.0,0.0,2143.0
,Bryant Smith,South Carolina,number,47.0,440.0,820.0,160.0,27.0,0.0,38.43,35.64,0.0,2214.0
,Kevin S. Haeberle,South Carolina,number,0.0,26.0,212.0,26.0,15.0,0.0,4.33,5.2,0.0,4160.0
,Marie C. Boyd,South Carolina,number,0.0,12.0,118.0,12.0,2.0,0.0,3.75,3.75,0.0,1890.0
,Nathan Richardson,South Carolina,number,0.0,43.0,136.0,41.0,2.0,0.0,3.58,3.31,0.0,2950.0
,Seth W. Stoughton,South Carolina,number,2.0,148.0,757.0,148.0,58.0,0.0,14.8,13.45,0.0,1490.0
,Tessa R. Davis,South Carolina,number,0.0,20.0,89.0,20.0,2.0,0.0,12.0,10.0,0.0,4127.0
,Hannah Haksgaard,South Dakota,number,0.0,21.0,88.0,21.0,4.0,0.0,7.0,3.0,0.0,4784.0
,Rachel VanLandingham,Southwestern,number,0.0,4.0,40.0,4.0,0.0,0.0,2.0,1.33,0.0,9544.0
,Sheldon A. Evans,St. John's,number,2.0,2.0,33.0,2.0,2.0,0.0,1.0,1.0,0.0,5538.0
,Kate Klonick,St. John's,number,4.0,29.0,621.0,29.0,22.0,0.0,9.67,7.25,0.0,67.0
,Lauren R. Roth,St. John's,number,1.0,7.0,164.0,7.0,1.0,0.0,1.17,1.17,0.0,6859.0
,Kate Levine,St. John's,number,0.0,86.0,235.0,86.0,39.0,0.0,17.2,14.33,0.0,512.0
,Ana Santos Rutschman,St. Louis,number,0.0,8.0,108.0,8.0,4.0,0.0,1.33,1.33,0.0,4912.0
,Rachel Moran,St. Thomas (Minnesota),number,3.0,931.0,710.0,321.0,30.0,0.0,20.69,17.57,63.0,3839.0
,Colleen Honigsberg,Stanford,number,0.0,17.0,64.0,16.0,9.0,0.0,3.4,3.4,0.0,915.0
,Gregory Ablavsky,Stanford,number,1.0,105.0,297.0,102.0,26.0,0.0,17.5,15.0,0.0,899.0
,Rabia Belt,Stanford,number,0.0,11.0,121.0,11.0,4.0,0.0,2.75,2.2,0.0,6427.0
,Jacob Goldin,Stanford,number,0.0,37.0,167.0,37.0,13.0,0.0,3.7,3.7,0.0,1192.0
,Lisa Larrimore Ouellette,Stanford,number,2.0,401.0,543.0,401.0,105.0,0.0,22.28,17.43,0.0,7858.0
,Christina Miller,Suffolk,number,0.0,2.0,0.0,2.0,0.0,0.0,0.0,2.0,0.0,2924.0
,Rene Reyes,Suffolk,number,0.0,25.0,141.0,25.0,2.0,0.0,2.78,2.5,0.0,8467.0
,Erin E. Braatz,Suffolk,number,0.0,1.0,15.0,1.0,1.0,0.0,1.0,1.0,0.0,5100.0
,Joshua Andresen,Surrey,number,0.0,6.0,62.0,6.0,2.0,0.0,6.0,3.0,0.0,2448.0
,Stephen Bero,Surrey,number,0.0,0.0,2.0,0.0,0.0,0.0,0.0,0.0,0.0,8522.0
,Ira K. Lindsay,Surrey,number,0.0,0.0,14.0,0.0,0.0,0.0,0.0,0.0,0.0,2809.0
,Alexander F. Sarch,Surrey,number,1.0,22.0,279.0,20.0,8.0,0.0,5.5,4.4,0.0,6497.0
,Pamela K. Bookman,Temple,number,1.0,75.0,207.0,71.0,30.0,0.0,18.75,12.5,0.0,8862.0
,Lauren M. Ouziel,Temple,number,0.0,37.0,78.0,32.0,10.0,0.0,12.33,6.17,3.0,8777.0
,Jonathan G. Rohr,Tennessee,number,0.0,4.0,177.0,4.0,3.0,0.0,2.5,1.17,0.0,6927.0
,Amber Baylor,Texas A&M,number,0.0,5.0,44.0,5.0,3.0,0.0,1.25,1.25,0.0,2116.0
,Guillermo J. Garcia Sanchez,Texas A&M,number,0.0,6.0,80.0,6.0,4.0,0.0,1.5,1.2,1.0,2899.0
,Brian N. Larson,Texas A&M,number,1.0,2.0,7.0,2.0,0.0,0.0,0.67,0.67,0.0,9685.0
,Jeff W. Slattery,Texas A&M,number,0.0,0.0,5.0,0.0,0.0,0.0,0.0,0.0,0.0,4014.0
,William Magnuson,Texas A&M,number,0.0,55.0,1079.0,55.0,16.0,0.0,6.88,6.88,5.0,3621.0
,Saurabh Vishnubhakat,Texas A&M,number,6.0,84.0,250.0,84.0,38.0,0.0,5.25,4.67,16.0,1226.0
,Tracy Hresko Pearl,Texas Tech,number,0.0,3.0,244.0,3.0,3.0,0.0,0.6,0.6,0.0,1665.0
,Kristen van de Biezenbos,Texas Tech,number,0.0,5.0,84.0,5.0,4.0,0.0,1.67,1.67,0.0,2550.0
,Agnieszka A. McPeak,Toldeo,number,6.0,19.0,321.0,19.0,7.0,0.0,5.8,5.8,0.0,2963.0
,Anna Su,Toronto,number,0.0,11.0,59.0,11.0,2.0,0.0,2.75,2.2,0.0,5912.0
,Emily A. Satterthwaite,Toronto,number,0.0,3.0,67.0,3.0,2.0,0.0,2.5,2.5,0.0,3689.0
,Ann M. Lipton,Tulane,number,1.0,31.0,155.0,31.0,17.0,0.0,5.17,5.17,0.0,5522.0
,Warigia Bowman,Tulsa,number,0.0,1.0,5.0,0.0,0.0,0.0,0.5,0.5,0.0,2576.0
,Ido Kilovaty,Tulsa,number,0.0,10.0,252.0,10.0,6.0,0.0,1.43,1.43,0.0,3527.0
,Irene Oritseweyinmi Joe,UC Davis,number,0.0,22.0,121.0,22.0,15.0,0.0,7.33,7.33,0.0,1084.0
,Aaron Y. Tang,UC Davis,number,3.0,51.0,216.0,51.0,11.0,0.0,13.83,13.5,0.0,8499.0
,Jasmine E. Harris,UC Davis,number,0.0,14.0,246.0,14.0,6.0,0.0,2.8,2.8,0.0,9957.0
,Jared A. Ellias,UC Hastings,number,0.0,3.0,15.0,3.0,2.0,0.0,0.6,0.6,0.0,8950.0
,Emily S. Taylor Poppe,UC Irvine,number,0.0,16.0,106.0,16.0,8.0,0.0,5.33,5.33,0.0,8572.0
,Leah M. Litman,UC Irvine,number,1.0,86.0,252.0,86.0,35.0,0.0,6.14,5.38,0.0,5144.0
,Alison M. Mikkor,UC Irvine,number,0.0,7.0,8.0,7.0,2.0,0.0,7.0,7.0,0.0,3733.0
,Hye-Sung Kim,UC Irvine,number,0.0,5.0,59.0,5.0,1.0,0.0,1.25,1.0,0.0,754.0
,Seth Davis,UC Irvine,number,0.0,189.0,433.0,126.0,38.0,0.0,14.54,11.81,0.0,6119.0
,LaToya Baldwin Clark,UCLA,number,0.0,2.0,98.0,2.0,2.0,0.0,0.67,0.5,0.0,4325.0
,Blake Emerson,UCLA,number,0.0,4.0,76.0,4.0,3.0,0.0,2.0,1.0,0.0,6271.0
,Kristen E. Eichensehr,UCLA,number,2.0,114.0,787.0,113.0,30.0,0.0,12.67,8.14,7.0,5482.0
,Beth A. Colgan,UCLA,number,9.0,163.0,573.0,130.0,34.0,0.0,10.19,8.58,13.0,9062.0
,Richard M. Re,UCLA,number,9.0,265.0,609.0,263.0,67.0,0.0,16.56,12.62,13.0,1847.0
,Emily Tendayi Achiume,UCLA,number,0.0,29.0,585.0,29.0,6.0,0.0,4.83,3.22,5.0,4757.0
,Norrinda Brown Hayat,UDC,number,0.0,5.0,103.0,5.0,4.0,0.0,2.5,2.5,0.0,4011.0
,Camden Hutchison,University of British Columbia,number,0.0,0.0,22.0,0.0,0.0,0.0,0.0,0.0,0.0,2248.0
,M. Eve Hanan,UNLV,number,0.0,6.0,138.0,6.0,2.0,0.0,3.0,3.0,0.0,641.0
,Cathy Hwang,Utah,number,1.0,29.0,189.0,29.0,12.0,0.0,4.83,4.83,0.0,7004.0
,Natalie M. Banta,Valparaiso,number,2.0,30.0,204.0,30.0,9.0,0.0,6.0,5.0,0.0,1114.0
,Lauren Rogal,Vanderbilt,number,0.0,2.0,90.0,2.0,1.0,0.0,2.0,1.0,0.0,3838.0
,Sara Mayeux,Vanderbilt,number,1.0,29.0,239.0,27.0,11.0,0.0,4.14,2.9,0.0,3500.0
,Joseph L. Fishman,Vanderbilt,number,0.0,42.0,328.0,42.0,7.0,0.0,7.0,7.0,3.0,8794.0
,Rachel Stevens,Vermont,number,0.0,3.0,10.0,2.0,0.0,0.0,0.0,3.0,0.0,3341.0
,Christine Speidel,Villanova,number,0.0,0.0,8.0,0.0,0.0,0.0,0.0,0.0,0.0,197.0
,Josephine (I) Nelson,Villanova,number,0.0,2.0,18.0,1.0,0.0,0.0,1.0,2.0,0.0,653.0
,Farah Peterson,Virginia,number,0.0,1.0,74.0,1.0,1.0,0.0,1.0,0.5,0.0,5852.0
,Aditya Bamzai,Virginia,number,2.0,66.0,294.0,59.0,37.0,0.0,13.2,9.43,0.0,8976.0
,Gregg Strauss,Virginia,number,0.0,23.0,62.0,23.0,11.0,0.0,7.67,7.67,0.0,1952.0
,Russell A. Gold,Wake Forest,number,0.0,84.0,172.0,81.0,26.0,0.0,11.57,13.12,0.0,6648.0
,Susannah Pollvogt,Washburn,number,0.0,3.0,38.0,3.0,0.0,0.0,3.0,0.75,0.0,9127.0
,Daniel Epps,Washington (St. Louis),number,1.0,47.0,347.0,47.0,25.0,0.0,7.83,6.71,0.0,2795.0
,Rachel E. Sachs,Washington (St. Louis),number,0.0,30.0,187.0,30.0,19.0,0.0,7.71,7.71,0.0,926.0
,Angelica Chazaro,Washington (University of),number,2.0,46.0,138.0,43.0,17.0,0.0,11.5,11.5,0.0,3053.0
,William Ortman,Wayne,number,0.0,18.0,101.0,18.0,11.0,0.0,3.6,3.6,0.0,9952.0
,Anne M. Choike,Wayne State,number,0.0,0.0,17.0,0.0,0.0,0.0,0.0,0.0,0.0,820.0
,Sanjukta M. Paul,Wayne State,number,0.0,16.0,94.0,16.0,6.0,0.0,8.0,8.0,0.0,3042.0
,Blanche Wiesen Cook,Wayne State,number,1.0,16.0,185.0,12.0,4.0,0.0,3.0,7.0,0.0,7141.0
,Joshua E. Weishart,West Virginia,number,0.0,38.0,173.0,38.0,17.0,0.0,9.5,7.6,0.0,7822.0
,Valarie K. Blake,West Virginia,number,0.0,32.0,146.0,32.0,9.0,0.0,6.37,6.37,0.0,4497.0
,Peter Conti-Brown,Wharton,number,0.0,60.0,124.0,60.0,10.0,0.0,8.57,6.67,0.0,885.0
,Amanda Shanor,Wharton Legal Studies,number,1.0,120.0,295.0,120.0,42.0,0.0,24.0,20.0,0.0,4180.0
,Brian D. Feinstein,Wharton Legal Studies,number,0.0,34.0,187.0,32.0,19.0,0.0,4.25,4.25,0.0,296.0
,Andrew Gilden,Willamette,number,3.0,130.0,366.0,126.0,26.0,0.0,10.83,9.29,0.0,8197.0
,Aaron D. Simowitz,Willamette,number,1.0,20.0,204.0,20.0,6.0,0.0,4.0,4.0,0.0,184.0
,Peter Molk,Willamette,number,0.0,56.0,250.0,56.0,16.0,0.0,5.6,4.67,0.0,755.0
,Jay Butler,William & Mary,number,0.0,6.0,73.0,6.0,2.0,0.0,3.0,3.0,0.0,2654.0
,Sarah R. Wasserman Rajec,William & Mary,number,1.0,37.0,72.0,37.0,7.0,0.0,7.4,7.4,0.0,5474.0
,BJ Ard,Wisconsin,number,1.0,45.0,215.0,45.0,6.0,0.0,7.5,6.43,0.0,6681.0
,Ion Meyn,Wisconsin,number,1.0,34.0,110.0,34.0,12.0,0.0,8.5,8.5,3.0,3872.0
,Yaron Nili,Wisconsin,number,0.0,43.0,275.0,43.0,30.0,0.0,6.14,6.14,1.0,7225.0
,Gwendolyn M. Leachman,Wisconsin,number,0.0,49.0,232.0,49.0,13.0,0.0,12.25,9.8,0.0,3761.0
,Miriam Seifter,Wisconsin,number,0.0,102.0,299.0,101.0,22.0,0.0,12.75,11.33,6.0,4630.0
,Robert M. Yablon,Wisconsin,number,0.0,20.0,231.0,17.0,7.0,0.0,4.0,2.5,0.0,5689.0
,Emily S. Bremer,Wyoming,number,4.0,59.0,167.0,58.0,12.0,0.0,5.9,5.9,0.0,5119.0
,Danielle R. Cover,Wyoming,number,0.0,0.0,61.0,0.0,0.0,0.0,0.0,0.0,0.0,794.0
,Monica C. Bell,Yale,number,0.0,58.0,432.0,56.0,40.0,0.0,11.6,7.25,0.0,6516.0
,Zachary D. Liscow,Yale,number,0.0,29.0,225.0,29.0,14.0,0.0,3.62,3.22,0.0,3253.0
,Anika Singh Lemar,Yale,number,0.0,14.0,92.0,12.0,6.0,0.0,3.5,2.8,0.0,160.0
,Issa Kohler-Hausmann,Yale,number,0.0,123.0,145.0,119.0,35.0,0.0,30.75,30.75,0.0,2835.0
,Richard R. W. Brooks,Columbia University,number,0.0,109.0,89.0,61.0,1.0,0.0,4.95,3.63,0.0,1935.0
,Thomas W. Mitchell,"University of Wisconsin, Madison",number,1.0,126.0,173.0,87.0,14.0,0.0,15.75,15.75,0.0,948.0
,Melissa F. Wasserman,University of Illinois,number,3.0,223.0,333.0,216.0,42.0,0.0,20.27,17.15,0.0,9292.0
,Bruce A. Markell,Florida State University,number,90.0,359.0,187.0,112.0,9.0,0.0,13.81,10.88,0.0,8929.0
,Ajay K. Mehrotra,"Indiana University, Bloomington",number,1.0,123.0,353.0,88.0,9.0,0.0,8.2,5.59,5.0,2175.0
,Dylan C. Penningroth,Northwestern University ,number,0.0,0.0,0.0,0.0,0.0,0.0,0.0,0.0,0.0,5506.0
,Kenneth W. Simons,Boston University,number,15.0,961.0,801.0,392.0,53.0,0.0,27.46,22.35,84.0,1030.0
,Alan Sykes,New York University,number,71.0,1761.0,1273.0,715.0,74.0,0.0,30.89,25.9,69.0,6292.0
,Peter K. Yu,Drake University,number,3.0,1768.0,2483.0,1229.0,101.0,0.0,28.06,23.89,0.0,1223.0
,Mitchell N. Berman,"University of Texas, Austin",number,0.0,11.0,0.0,1.0,1.0,0.0,0.42,0.3,0.0,7840.0
,Jenny (I) Carroll,Seton Hall University,number,9.0,98.0,389.0,77.0,22.0,0.0,10.89,9.8,0.0,9071.0
,Michele Bratcher Goodwin,"University of Minnesota, Twin Cities",number,1.0,439.0,1542.0,341.0,47.0,0.0,23.740000000000002,18.39,0.0,3201.0
,Bernard E. Harcourt,University of Chicago,number,4.0,852.0,2167.0,530.0,65.0,0.0,31.56,25.06,0.0,8963.0
,Patricia A. McCoy,University of Connecticut,number,15.0,694.0,462.0,471.0,28.0,0.0,33.05,28.92,0.0,9217.0
,Saule T. Omarova,"University of North Carolina, Chapel Hill",number,0.0,418.0,640.0,417.0,79.0,0.0,23.22,16.72,0.0,1346.0
,Robert Rhee,University of Maryland,number,10.0,407.0,794.0,350.0,42.0,0.0,23.0,20.79,0.0,5918.0
,David A. Sklansky,"University of California, Berkeley",number,46.0,1466.0,1149.0,972.0,133.0,0.0,52.36,43.12,0.0,4788.0
,David M. Studdert,University of Melbourne,number,1.0,255.0,221.0,123.0,10.0,0.0,12.75,11.09,0.0,2747.0
,Teri Dobbins Baxter,Saint Louis University,number,0.0,66.0,149.0,53.0,10.0,0.0,6.6,6.6,0.0,2737.0
,Karen C. Burke,University of San Diego,number,4.0,296.0,185.0,149.0,20.0,0.0,10.57,8.71,0.0,69.0
,Jason J. Czarnezki,Vermont Law School,number,23.0,286.0,448.0,229.0,26.0,0.0,13.62,11.0,20.0,8087.0
,Miranda Perry Fleischer,"University of Colorado, Boulder",number,0.0,147.0,161.0,146.0,5.0,0.0,18.38,16.33,0.0,5097.0
,Adam J. Hirsch,Florida State University,number,27.0,858.0,401.0,489.0,76.0,0.0,31.78,29.59,0.0,1831.0
,Alberto Lopez,University of Richmond,number,6.0,181.0,190.0,106.0,8.0,0.0,15.08,13.92,0.0,100.0
,Mathew D. McCubbins,University of Southern California,number,0.0,594.0,366.0,320.0,26.0,0.0,28.29,25.83,0.0,5264.0
,Darrell D. Miller,University of Cincinnati,number,14.0,284.0,541.0,281.0,33.0,0.0,20.21,14.48,0.0,9238.0
,Robin Fretwell Wilson,Washington & Lee University,number,18.0,542.0,799.0,443.0,33.0,0.0,13.55,11.29,66.0,7867.0
,Mary L. Dudziak,University of Southern California,number,1.0,524.0,414.0,161.0,16.0,0.0,37.43,22.78,0.0,516.0
,Nita A. Farahany,Vanderbilt University,number,1.0,94.0,160.0,86.0,10.0,0.0,18.8,15.67,0.0,4209.0
,Jennifer S. Hendricks,University of Tennessee,number,0.0,113.0,272.0,103.0,15.0,0.0,6.65,6.28,15.0,932.0
,Jonathan Lipson,"University of Wisconsin, Madison",number,24.0,422.0,552.0,291.0,48.0,0.0,13.87,18.61,65.0,7308.0
,H. Jefferson Powell,George Washington University,number,11.0,2157.0,396.0,541.0,41.0,0.0,74.38,46.89,0.0,5941.0
